2,03/2021,3000000,25,21.005821, 105.782432,ccmn,4.55,15.4,khepkin,4,2,"số 2 ngõ 72 miếu đầm, nam từ liêm, hà nội","ccmn số 2 ngõ 72 miếu đầm, nam từ liêm, hà nội.- khép kín full nội thất, có gác xép bao gồm:điều hòa, nóng lạnh, giường, tủ, kệ bếp,giá sách, máy giặt,.- hàng tuần có người dọn vệ sinh- giờ giấc thoải mái, tiếp khách vô tư miễn là lịch sự- hợp đồng lâu dài không tăng giá.- chỗ để xe rộng, miễn phí- camera an ninh hành langmô tả chung- chính chủ miễn môi giới- điện 3,5k/ số- nước 35k/mét khối.- đóng tiền nhà 1 tháng 1 lần, đặt cọc 1 tháng tiền nhà.giá: 3.000.000đ-3.500.000đ- đi nửa giây ra đường phố miếu đầm, ô tô đỗ cửabạn quan tâm vui lòng liên hệ chủ nhà văn phú: 0978.62.31.31"
9,03/2021,2800000,28,20.994115, 105.776873,ccmn,4.11,20.15,khepkin,3,2,"14 ngõ 10 Đường Đại Linh, Phường Trung Văn, Quận Nam Từ Liêm, Hà Nội","chính chủ  ccmn ngõ 10 đại linh, trung văn giá 2,8 triệu/tháng.: số 14 ngõ 10 đại linh, trung văn, nam từ liêm hà nội.ngôi nhà gần chợ và các trung tâm như: trung tâm hội nghị quốc gia 800m, cách đường tố hữu 800m, cách big c thăng long 1km, cách keangnam 2km.cách điểm đón xe bus số 33 500mrất thuận lợi cho việc đi lại.bố trí: gồm 6 tầng 100% trong đó.+ tầng 1 để xe và 1  khép kín.+ tầng 2 đến tầng 6 mỗi tầng 3  khép kín.:  mỗi  khoảng 25m2.nội thất: giường, tủ quần áo, nóng lạnh, điều hòa, bàn bếp, chậu rửa.giá dịch vụ: điện 3.000/kw.nước 30k/m3.mạng 100k/, vệ sinh chung 50k/.thang máy 50k/người lớn.giá  2,8 đến 3,3 triệu/tháng"
7,03/2021,4000000,30,21.008353, 105.781992,ccmn,12.9,1,khepkin,5,4,"23 Đỗ Đức Dục, Phường Mễ Trì, Quận Nam Từ Liêm, Hà Nội"," ccmn,  mễ trì, miếu đầm, đỗ đức dục* cạnh chung tâm hội nghị quốc gia, gần chợ dân sinh mễ trì, nhiều trường mầm non, siêu thị mini vin+, vin đỗ đức dục* nội thất: nóng lạnh, điều hòa, giường, tủ quần áo, đệm, bàn trà, rèm cửa, quạt trần, bàn bếp, chậu rửa, giá bát, thiết bị vệ sinh full* bếp riêng biệt*thang máy rộng, khóa cổng vân tay, để xe miễn phí, camera an ninh,* giờ giấc tự do, không chung chủ, tiếp khách thoải mái miễn là lịch sự* dân cư thân thiện, cư dân văn minh,* điện 3.5k . nước 35k/m3* giá: 4.000.000đchi tiết liên hệ:mr.phong: 0985.593.162"
3,03/2021,2800000,18,21.005737, 105.782281,nhatang,4.55,35.3,khepkin,4,2,"số 10 ngõ 72 miếu đầm, nam từ liêm, hà nội","chính chủ   đẹp full đồ mễ trìđịa chỉ: (ô tô đỗ cửa) số 10 ngõ 72 miếu đầm, nam từ liêm, hà nội ( sau trung tâm hội nghị quốc gia cách bigc thăng long 800m, sau khách sạn matriot) đẹp đủ đồ* giá 2.800.000đ/ tháng;* còn * nội thất:- nóng lạnh, điều hòa, giường, tủ, máy giặt chung 2 máy.. ...- kệ bếp giá để bát ( riêng biệt từng )- vệ sinh khép kín có gác xép- ban công thoáng mát, phơi đồ* mô tả chung- chính chủ miễn môi giới- điện 3,5k/ số- nước 35k/mét khối.- hàng tuần có người qua dọn vệ sinh chung cả nhà thường xuyên.- để xe miễn phí. camera an ninh hành lang.- không ở chung chủ. giờ giấc đi lại thoải mái, tiếp bạn bè vô tư miễn là lịch sự - hợp đồng lâu dài không tăng giá, chu kỳ đóng tiền nhà 1 tháng 1 lần, đặt cọc 1 tháng tiền nhà.- đi nửa giây ra đường phố miếu đầmbạn quan tâm vui lòng liên hệ chủ nhà hoàng việt: 0977.10.17.15"
1,03/2021,3300000,25,21.008978, 105.796913,nhatang,3.85,18.5,khepkin,4,4,"204 Đường Trần Duy Hưng, Phường Trung Hòa, Quận Cầu Giấy, Hà Nội","  chính chủ tạitrần duy hưng, trung kính quận cầu giấy+ đã đủ nội thất các bạn chỉ cần xách vali đến là ở, không tốn kém sắm sửa nội thất ( có nóng lạnh, điều hòa, giường, tủ, đệm, bàn trà, kệ bếp, giá sách...)+ có camera giám sát an ninh, máy giặt chung, khóa vân tay hiện đại an toàn - chủ động giờ giấc+ không ở cùng chủ, không bị quản lý thời gian hay sinh hoạt+ cách bigc thăng long 500m, vinmar+500m, đại học lao động 700m, đại học thăng long 700m+ tiếp khách thoải mái miễn là lịch sự,các bạn quan tâm vui lòng liên hệ: mr. phong : 0982.254.153"
8,03/2021,4300000,40,21.018764, 105.775766,nhatang,4.9,86.92,khepkin,6,3,"17 ngõ 154 Phố Đình Thôn, Phường Mỹ Đình 1, Quận Nam Từ Liêm, Hà Nội","-  đơn: 20 m2 giá 2.800.000đ+ thang máy, chỗ để xe rộng+ điều hòa, bình nước nóng+ ban công, giường, tủ+ bàn tủ bếp- hộ gia đình: 40 m2 giá 4.300.000 đ+ 01  khách + bếp; 01  ngủ + ban công+ 0.2 nhà vệ sinh+ điều hòa + bàn bếp + tủ bếp; giường tủ"
6,03/2021,4200000,35,21.008492, 105.782172,nhatang,12.9,1,khepkin,5,4,"36 Đường Đỗ Đức Dục, Phường Mễ Trì, Quận Nam Từ Liêm, Hà Nội","chính chủ  ccmn mới đẹp full đồnhà  mới xây ccmn còn nhiều  đẹp như khách sạn 3* các bạn tha hồ chọn* gần chợ dân sinh mễ trì, các trường mầm non tư thục, khu dân cư thân thiện, siêu thị mini vin+, ngõ 36 miếu đầm sầm uất.* cam kết chuẩn hình  như ảnh bài đăng, sai miễn phí tiền  1 năm* trang bị 3 máy giặt chung, khóa cổng vân tay, camera an ninh* nội thất: nóng lạnh, điều hòa, giường, tủ quần áo, đệm, sofa, ban công thoáng mát, quạt trần, rèm cửa, bàn bếp, giá bát,* giờ giấc tự do, ko chung chủ, tiếp khách thoải mái miễn là lịch sự* giá thuê: 4.000.000đ-4.500.000đchi tiết liên hệ:mr.phong: 098.559.3162"
4,03/2021,900000 ,15,21.029456, 105.775094,nhacap,3.5,5,kkk,1,0,"số 1 đường mỹ đình, mỹ đình, từ liêm, hà nội","cư xá mỹ đìnhtổng hợp  giá rẻ tại cư xá-  không khép kín 900k tầng 5 rộng 10m2-  khép kín 1tr7 tầng 3 rộng 16m-  khép kín 1tr5 tầng 3 rộng 15m2-  khép kín 1tr3 tầng 4 rộng 13m2-  không khép kín 1tr tầng 3 rộng 10m2* mô tả chung+ camera an ninh các hành lang+ giờ giấc thoải mái+ bảo vệ trực 24/24+ tạp vụ dọn vệ sinh hàng ngày+ đóng tiền tháng 1 cọc 1 thánggiá: 800.000 đ / thángđịa chỉ: số 1 đường mỹ đình( đối diện cổng bốc vác bến xe mĩ đìnhliên hệ anh việt: 0966663256đ/c: số 1 đường mỹ đình, mỹ đình, từ liêm, hà nội"
5,03/2021,4300000,40,21.008818, 105.781849,ccmn,5.5,46,khepkin,5,4,"23 ngõ 36 Đường Đỗ Đức Dục, Phường Mễ Trì, Quận Nam Từ Liêm, Hà Nội"," ccmn 1 khách 1 ngủ mễ trì full đồ 35m2* cạnh chung tâm hội nghị quốc gia, gần chợ dân sinh mễ trì, nhiều trường mầm non, siêu thị mini vin+, vin đỗ đức dục* nội thất: nóng lạnh, điều hòa, giường, tủ quần áo, đệm, sofa, bàn trà, rèm cửa, quạt trần, bàn bếp, chậu rửa, giá bát, thiết bị vệ sinh full*thang máy rộng, khóa cổng vân tay, để xe miễn phí, camera an ninh,* giờ giấc tự do, không chung chủ, tiếp khách thoải mái miễn là lịch sự* dân cư thân thiện, cư dân văn minh,* điện 3.5k . nước 35k/m3* giá: 4.300.000đ - 4.500.000đchi tiết liên hệ:mr.phong: 098.559.3162"
0,03/2021,3000000,20,21.000693, 105.819400,nhatang,3.7,73.5,khepkin,6,3,"Số 23 ngõ 47 Đường Khương Trung, Phường Khương Trung, Quận Thanh Xuân, Hà Nội","chính chủ   full đồ ngã tư sở+  đẹp cách chân cầu vượt 50m đi bộ, gần khu vip royal city. gần đại học thủy lợi, công đoàn, hv ngân hàng..+ nội thất gồm: nóng lạnh, điều hòa, giường, tủ, đệm, bàn trà, tủ bếp, bàn bếp, giá sách....+ giờ giấc thoải mái, không chung chủ, camera an ninh hành lang, cửa từ khóa vân tay+ tiếp khách thoải mái miễn là lịch sự+ chỗ để xe rộng dãi, có bảo vệ trônggiá thuê từ 2.800.000đ - 3.500.000đkhu trọ văn minh, lịch sự như tâymọi chi tiết liên hệ: 0982254153anh quý rất thân thiện"
11,03/2021,3500000,30,20.963470, 105.788393,nhatang,5.2,20,khepkin,4,2,"Xa La, Phường Phúc La, Quận Hà Đông, Hà Nội","- nhà cực đẹp full nội thất mới - chỉ việc mang vali vào ở.-  đẹp, sạch sẽ thoáng mát gần: hv quân y, viện bỏng, viện k tân triều, kđt xa la, chợ hà đông,...- giá 3.5tr - 4tr - 4tr5/tháng. đóng 1 cọc 1 tháng (ở được luôn).- ban công cực đẹp, gác xép rộng rãi.- thang máy tốc độ cao.mô tả chung.- full nội thất điều hòa, nóng lạnh, tủ lạnh, giường, tủ, phơi đồ, bàn học, để xe miễn phí, camera an ninh, máy giặt, kệ bếp.- cổng khóa vân tay đảm bảo an toàn.- chính chủ miễn môi giới.- điện 3,5k/ số.- nước 20k/số.- hàng tuần có người qua dọn vệ sinh chung cả nhà thường xuyên.- không ở chung chủ. giờ giấc đi lại thoải mái, tiếp bạn bè vô tư miễn là lịch sự - hợp đồng lâu dài không tăng giá, chu kỳ đóng tiền nhà 1 tháng 1 lần, đặt cọc 1 tháng tiền nhà."
12,03/2021,2800000,25,20.988254, 105.836774,ccmn,3.5,25,kkk,4,3,"Số nhà 06 ngõ 256 Phố Nguyễn Lân Đường Trường Chinh, Quận Thanh Xuân, Hà Nội"," căn chung cư mini còn 2  tầng hai.đầy đủ điều hòa nóng lạnh, khép kín, có ban, công bếp.ở được ba, bốn ngườicó 2 loại +  to có thể ngăn thành  đôi, để được hai giường và bàn ghế ở được bốn người giá 4tr/tháng. 40m2+  nhỏ hơn ở 2 đến 3 người giá 2tr8 triệu/tháng. 25m2giao thông thuận lợi cạnh đường lớn nguyễn lân gần chợ, trường đai học lớn bách khoa, xây dựng, kinh tế, y, ngân hàng ....có chỗ để xenhà cạnh đường lớn giao thông thuận lơi, ko bị tắc đường nhưtrường chinh, lê trọng tấn......đc: số nhà 06 ngõ 256 phố nguyễn lân đường trường chinh hà nội.đt liên lạc 0912966199"
13,03/2021,2500000,20,20.991376, 105.817363,nhatang,4.18,5,kkk,2,3,"29 Đường Bùi Xương Trạch, Phường Khương Đình, Quận Thanh Xuân, Hà Nội","cô có căn nhà 5 tầng tại số 29 ngõ 295 bùi xương trạch  theo từng  hoặc từng tầng,  rộng 25m2, lát sàn gỗ, có điều hòa, có cửa sổ thoáng mát sạch sẽ, 2  dùng chung wc có nóng lạnh, không ở chung chủ điện nước theo giá nhà nước. giá thuê 2,5 triệu/tháng. hiện nay còn 2  tầng 4 và 1  tầng 5.bạn nào có nhu cầu thuê . liên hệ cô thùy: 0945931616."
18,03/2021,2800000,15,20.990847, 105.831857,nhatang,4.1,37,khepkin,4,2,"số 53 ngõ 51 Phố Trần Điền, Phường Định Công, Quận Hoàng Mai, Hà Nội"," đẹp,sạch sẽ,có ban công- khu dân trí cao-oto đi tận cửa nhà-tầng 1 để xe miễn phí ,- máy giặt miễn phí cả nhà dùng chung, dây phơi quần áo thoáng ở và ban công- nhà vệ sinh đẹp, rộng rãi, lịch sự, vòi hoa sen, nóng lạnh, bệt,gương,...- có điều hòa, nóng lạnh, giường, tủ, máy giặt...- có camera an ninh- internet cáp quang tốc độ cao- điện 3,5k/ số- nước 80k/ người.- tuần có người qua dọn vệ sinh chung cả nhà thường xuyên.- không ở chung chủ. giờ giấc đi lại thoải mái, tiếp bạn bè vô tư miễn là lịch sự - hợp đồng lâu dài không tăng giá, chu kỳ đóng tiền nhà 1 tháng 1 lần, đặt cọc 1 tháng tiền nhà"
14,03/2021,3600000,28,21.008912, 105.796743,nhatang,3.5,23,khepkin,5,4,"ngõ 204, trần duy hưng, trung hòa, cầu giấy, hà nội","tòa nhà được thiết kế hiện đại có cầu thang máy đi lên các tầng, cổng được thiết kế khóa vân tay nên ai ở thì mới vào được nhà.- bố trí căn hộ trong ngôi nhà:+ tầng 1: chỗ để xe rộng rãi.+ từ tầng 2 - tầng 5: mỗi tầng được thiết kế 2 căn hộ khép kín, nhiều cửa sổ đảm bảo ánh sáng vào trong các .+   28m2 - 30m2.- nội thất: bình nóng lạnh, bàn bếp, thiết bị vệ sinh cao cấp...giá : 3.6 triệu/căn.+   30m2.- nội thất: điều hòa, giường, tủ quần áo, bình nóng lạnh, bàn bếp, thiết bị vệ sinh cao cấp...giá : 3.8 triệu/căn.: ngõ 204, trần duy hưng, trung hòa, cầu giấy, hà nội.liên hệ chủ nhà: 0985.466.872.ưu tiên hộ gia đình ở lâu dài và tử tế."
10,03/2021,3000000,30,21.014343, 105.849397,nhatang,3.5,11.5,khepkin,4,3,"149 Bà Triệu, Phường Lê Đại Hành, Quận Hai Bà Trưng, Hà Nội","tổng  30m2. gồm:- đệm nằm.- điều hoà.- bình nóng lạnh.- tủ lạnh.- quạt.trong bán kính 500m có.- vincom bà triệu (cách 30m).- trường mầm non hoa phượng.- trường tiểu học bà triệu, trường cấp 2 tây sơn, vân hồ.- công viên thống nhất.- triển lãm vân hồ.- bệnh viện mắt quốc tế.- chợ thể giao, chợ nguyễn công trứ.- kfc.- starbuck, aha, the coffee house, paris gateaux...giá thuê.- 3 triệu/tháng.- đặt cọc 1 tháng.- điện nước theo giá nhà nước (đồng hồ riêng).- wifi tự thanh toán.liên hệ a lân (chính chủ) xem nhà (miễn trung gian) 0869804983"
15,03/2021,3500000,28,21.028082, 105.795364,nhatang,3.5,15,khepkin,5,2,"số 8b, ngách 80 ngõ 381 nguyễn khang, yên hòa, cầu giấy"," đẹp, rộng rãi, sạch sẽ, đầy đủ tiện nghi cao cấp, nằm ở số 8b, ngách 80 ngõ 381 nguyễn khang, yên hòa, cầu giấy.* 28m2 - nội thất: rèm cửa, kệ bếp, hệ thống nhà vệ sinh đầy đủ... - giá : 3,5 triệu/tháng* 28m2 - nội thất: điều hòa, giường, tủ quần áo, rèm cửa, kệ bếp, hệ thống nhà vệ sinh đầy đủ... - giá : 3,6 triệu/thángchỗ giữ xe rộng rãi, đảm bảo an toàn.giờ giấc đi lại thoải mái, nhà có lắp khóa vân tay nên chỉ người trong nhà mới đi ra vào được.ưu tiên hộ gia đình, người đi làm, nhóm bạn bè ở 2 3 người.liên hệ chủ nhà:0985.466.872"
19,03/2021,3500000,25,20.9874843,105.8124835,ccmn,4.0,50,khepkin,5,4,"Ngõ 420 Khương Đình,Quận Thanh Xuân, Hà Nội","ccmn khép kín - khương đình - liên hệ: 0988367162.địa chỉ: số 8b/24 ngõ 420 khương đình - thanh xuân (khu ngã tư sở, gần royal city, đại học thủy lợi, khoa học tự nhiên).- còn 1 căn tầng 4 giá 3.5 tr/tháng,- vệ sinh khép kín- nội thất điều hòa, nóng lạnh, giường, tủ, kệ bếp, phơi đồ, để xe miễn phí, camera an ninh.mô tả chung.- chính chủ miễn môi giới.- nội thất điều hòa, nóng lạnh, giường, tủ, kệ bếp, phơi đồ, để xe miễn phí, camera an ninh.- hàng tuần có người qua dọn vệ sinh chung cả nhà thường xuyên.- không ở chung chủ. giờ giấc đi lại thoải mái, tiếp bạn bè vô tư miễn là lịch sự - hợp đồng lâu dài không tăng giá, chu kỳ đóng tiền nhà 1 tháng 1 lần, đặt cọc 1 tháng tiền nhà."
17,03/2021,2800000,20,20.9697318,105.7884985,nhatang,5.57,5,khepkin,6,4,"Đường Bạch Thái Bưởi, Phường Văn Quán, Quận Hà Đông, Hà Nội","kđt văn quán-phố bạch thái bưởi ( gần hồ văn quán, trường kiến trúc, an ninh, bệnh viện 103…)-  giao thông thuận tiện,xe buýt 39 đi qua cửa nhà- nhà  có  full nội thất giá 2tr3-2tr7-  20-30m2- cạnh điểm xe bus- nội thất đã trang bị điều hòa, quạt trần, nóng lạnh, giường, tủ, phơi đồ, kệ bếp, để xe miễn phí, camera an ninh, máy giặt…- internet cáp quang tốc độ cao, điện nước công tơ riêng.- miễn phí chỗ để xe máy rộng rãi an toàn- liên hệ: 0988367162-0347759126- chính chủ miễn môi giới- điện 3,5k/ số- nước 80k/ người.- hàng tuần có người qua dọn vệ sinh chung cả nhà thường xuyên.- không ở chung chủ. giờ giấc đi lại thoải mái, tiếp bạn bè vô tư miễn là lịch sự - hợp đồng lâu dài không tăng giá, chu kỳ đóng tiền nhà 1 tháng 1 lần, đặt cọc 1 tháng tiền nhà"
23,03/2021,3500000,30,21.0301539,105.7742632,nhatang,6.16,3,khepkin,7,3,"36 Đường Mỹ Đình, Phường Mỹ Đình 1, Quận Nam Từ Liêm, Hà Nội","nhà  có   tại ngõ 378 đường mỹ đình,mỹ đình 1, nam từ liêm, hà nội. mới 100%, sạch, đẹp. đã có đủ đồ: giường, tủ quần áo, quạt trần, điều hoà, nóng lạnh, tủ bếp, logia phơi quần áo trong các  khép kín, có ban công, cửa sổ thoáng mát, ánh sáng tự nhiên.giờ giấc tự do, không chung chủ.có khoá vân tay, an ninh tốt, camera 24/7, thang máy.chỗ để xe miễn phí.máy giặt miễn phí, có sân phơi đồ trên tầng thượng.khu vực gần chợ, trường học, gần keangnam, thuận tiện đi lại, sinh hoạt.giá: 3tr5-3tr8liên hệ chính chủ: 093 610 9629 (cô hằng)"
21,03/2021,5000000,35,21.010324, 105.777446,ccmn,4.8,50,khepkin,8,5,"số 12, ngõ 89 mễ trì thượng, mễ trì, nam từ liêm","chính chủ cho  kiểu ccmn tại số 12, ngõ 89 mễ trì thượng, mễ trì, nam từ liêm (cuối ngõ 4 đồng me đi vào khoảng 30m) trong tòa nhà 6 tầng thang máy,  35m2, 1 ngủ 1 khách, bếp ngăn riêng biệt với  không lo ám mùi. - : cách mầm non mễ trì hạ 50m, cách cấp 1&2 mễ trì 50m, cách chợ mễ trì hạ 100m, cách đường mễ trì 100m, cách the garden 200m, cách keangnam 500m... - nhà đã có đủ đồ như : điều hòa, nóng lạnh, tủ lạnh, máy giặt, giường, tủ, táp, bàn phấn, rèm, bàn ghế, tủ bếp, bếp từ, wifi tốc độ cao...để xe miễn phí. - : 35m2 - giá: 5tr/tháng - lhcc: 0969139826(nhà mới 100% vào ở được ngay, khách chỉ việc xách đồ tới ở)"
29,03/2021,2800000,30,20.999623, 105.824757,nhatang,3.25,40,khepkin,4,3,"24/106 Đường Nguyễn Ngọc Nại, Phường Khương Mai, Quận Thanh Xuân, Hà Nội","chính chủ   khép kín ở ngõ 106 nguyễn ngọc nại, giá 2,8 triệu/tháng.  rộng 30m2, có cữa sổ, có nóng lạnh điều hoà có wc khép kín, có chổ để xe ở tầng 1.ở riêng chủ đi về tự khoá mở. ô tô vào tận nhà.còn  ở tầng 4 giá 2,8 triệu/tháng. điện nước cả nhà dùng tự chia theo giá nhà nước.ai có nhu cầu thuê liên hệ chủ nhà: đt 0945931616."
25,04/2021,3500000,30,20.995139, 105.816691,nhatang,5.0,70,khepkin,4,5,"24, ngách 130, ngõ 162 Đường Khương Trung, Phường Khương Trung, Quận Thanh Xuân, Hà Nội","  rộng 30m2 gần ngã tư sở-  khép kín, đầy đủ tiện nghi: điều hòa, nóng lạnh, wifi, truyền hình cáp,…-bếp, sân phơi, chỗ để xe riêng biệt.- nhà nằm trong ngõ lớn, không gian riêng tư, yên tĩnh, sạch sẽ, thoáng mát, an ninh đảm bảo.* : giao thông thuận lợi, tiện đường, tiện chợ; gần trung tâm thương mại royal city, mipec tower tây sơn, cách đại học y, học viện ngân hàng 5p xe máy.*giá thuê chỉ: 3.5 triệu/tháng, được ở 2 người. miễn phí truyền hình cáp, gửi xe*địa chỉ: số nhà 24, ngách 130, ngõ 162 khương trung, q. thanh xuân, hà nội.lh: cô hương – đt: 0989062136"
27,04/2021,2500000,15,21.020601, 105.828399,nhatang,3.5,50,khepkin,5,2,"ngách 418/75 Đê La Thành, Phường Ô Chợ Dừa, Quận Đống Đa, Hà Nội","nhà gần trường đh văn hóa, mới xây thoáng mát.  ở sạch đẹp, sàn gỗ, 16m2, đầy đủ tiện nghi điện nước, nóng lạnh, điều hòa, wifi, có chỗ phơi phóng, nấu ăn, giờ giấc thoải mái. nhà trong khu cổng sau trường đh văn hóa, an ninh tốt, ngõ rộng thoáng, rất tiện đi lại, sinh hoạt. điện, nước tính theo mặt bằng chung hợp lý."
20,03/2021,3600000,30,21.035110, 105.799681,ccmn,3.75,50,khepkin,9,5,"P106 Nhà A1,Tổ 15, Ngõ 72, Đường Dương Quảng Hàm, Phường Quan Hoa, Quận Cầu Giấy, Hà Nội","chính chủ  ccmn tại nhà số 106 ngõ 72/2 dương quảng hàm, cầu giấy. (ngay cạnh chợ quan hoa)* : cách đường dương quảng hàm 50m, cách đường cầu giấy 150m, cách đường nguyễn khánh toàn 150m, cách đường nguyễn văn huyên 200m, cách đường quan hoa 200m, cách lotte đào tấn 500m...* tiện ích gồm có️ - điều hoà️ - nóng lạnh️ - tủ quần áo️ - giường️ - kệ bếp, tủ bếp️ - vệ sinh khép kín️ - có gác xép để đồ gọn gàng️ - ban công phơi quần áo thoáng rộng️ - cửa sổ thoáng mát️ - chỗ để xe free️ - ko chung chủ, giờ giấc thoái mái 24/7️ - khóa vân tay, camera, wifi*   30m2* giá: 3.6tr️️* liên hệ cc: 0961529365(ưu tiên hộ gia đình, người đi làm, sinh viên ở sạch sẽ lịch sự)"
24,04/2021,2000000,15,20.984757, 105.876218,nhatang,3,84,kkk,3,2,"42/211 Đường Vĩnh Hưng, Phường Vĩnh Hưng, Quận Hoàng Mai, Hà Nội", ở riêng nhà vệ sinh bên cạnh .có đủ vận dụng sinh hoạt.nhà phố sạch sẽ yên tĩnh.mỗi tầng 2  ở giưax là cầu thang.tầng 1 để xe và nấu ăn
26,03/2021,3500000,27,21.078894, 105.816791,nhatang,3.9,40,khepkin,10,5,"Lạc Long Quân, Phường Nhật Tân, Quận Tây Hồ, Hà Nội","siêu hót siêu hót!!! chính chủ cho thuê  khép kín, siêu đẹp 25-30m2 full đồ giá 3tr5 tại lạc long quân- địa chỉ: số nhà 6b ngõ 690 lạc long quân , tây hồ, hà nội-  thiết kế có ban công, thang máyfull đồ ( điều hoà, nóng lạnh, giường tủ-bàn bếp, máy sấy tóc, ấm siêu tốc ,tủ lạnh..)- giá: 3tr - 3,5tr đ/tháng (  như ảnh )- tầng 1: chỗ để xe thoải mái- tầng thượng: có máy giặt sân phơi thoáng mát. người thuê chỉ việc xách đồ cá nhân đến ở.- giờ giấc tự do, an ninh đảm bảo. nhà gần siêu thị, chợ gần các trục đường lạc long quân, vệ hồ, trịnh công sơn, võ chí công, hoàng hoa thám, trích sài, quảng an ...- liên hệ chính chủ để xem :"
22,03/2021,2300000,23,20.964932, 105.767329,nhatang,5.2,43.2,khepkin,8,3,"Quang Trung, Phường Quang Trung, Quận Hà Đông, Hà Nội","nhà mới hoàn thiện sạch đẹp, gần bưu điện hà đông, siêu thị vinmark, bến xe bus, cách mặt đường quang trung 10m rất thuận tiện đi lại. có 6  , nay còn 1  tại tầng 2. có trang bị tiện nghi đầy đủ: điều hòa, công trình phụ khép kín có nóng lạnh, cửa sổ có rèm, chỗ phơi, nấu ăn, wifi cáp quang, truyền hình cáp, sân rộng để xe, nằm trong khu vực dân trí cao, yên tĩnh và an ninh tốt.ai có nhu cầu liên hệ: chị hà 0902166024."
28,03/2021,3100000,35,20.998955, 105.824653,nhatang,4.0,50,khepkin,4,5,"Số 24 ngõ 106 Nguyễn Ngọc Nại, Phường Khương Mai, Quận Thanh Xuân, Hà Nội","chính chủ   khép kín ở ngõ 106 nguyễn ngọc nại, giá 3,2 triệu/tháng.  rộng 35m2, có cữa sổ,có ban công, có nóng lạnh điều hoà có wc khép kín, có chổ để xe ở tầng 1. ở riêng chủ đi về tự khoá mở. ô tô vào tận nhà.còn  ở tầng 2 giá 3,1 triệu/tháng. điện nước cả nhà dùng tự chia theo giá nhà nước. ai có nhu cầu thuê liên hệ chủ nhà: đt 0945931616."
121,03/2021,2700000,25,21.0713783,105.7953947,nhatang,3.3,105.12,khepkin,2,3,"Đường Xuân Đỉnh, Phường Xuân Tảo, Quận Bắc Từ Liêm, Hà Nội"," rộng 25m2: có điều hòa, nóng lạnh, chỗ để xe, phơi đồ. không gian sinh hoạt chung rộng rãi + thoáng mát, tiện đi lại."
122,03/2021,2700000,15,21.050267, 105.790952,nhatang,6.25,40,khepkin,2,3,"ngõ 198 đường trần cung, Phường Cổ Nhuế 1, Quận Bắc Từ Liêm, Hà Nội","  tại ngõ 198 đường trần cung, phường cổ nhuế 1, quận bắc từ liêm, hà nội.  đủ tiện nghi, có giường, tủ, điều hòa, nóng lạnh. an ninh tốt, giao thông thuận tiện, gần bv e, chợ, trường học. cac  từ 14 đến 17m2, giá từ 2,7 triệu đến 3,5 triệu"
186,12/2020,2400000,25.5,21.051109, 105.790550,nhatang,5.6,85,khepkin,4,3,"208 Đường Trần Cung, Phường Cổ Nhuế 1, Quận Bắc Từ Liêm, Hà Nội","homestay 208 trần cungkhông gian yên tĩnh ngõ rộng 2 oto tránh nhau không hết,cách viện e 1p đi bộcách đại học điện lực 1.2km( 4p đi xe)cách trường cao đẳng y dược asean 1kmcách học viện kt quân sự 1kmcách học viện chính trị quốc gia, học viện công nghệ bưu chính viễn thông, cao đẳng sư phạm tw, 900mvà cách hồ tây 10p đi xeℹ️ngoài ra ngay dưới nhà còn có cửa hàng ur.house( cửa hàng tp sạch tiện lợi)full nội thất: bếp từ, bàn ăn, bàn học, tủ quần áo...tiện nghi: tủ lạnh, máy giặt, điều hòa, nóng lạnh... bao trọn gói: điện, nước, wifi, dịch vụ vệ sinh hàng tuần...chỉ với 1tr6/người/tháng là xách ngay valy đến ở, không phát sinh thêm chi phí!️sdt: 0823105400"
229,01/2021,900000,14,21.0538868,105.7876175,nhacap,3.2,120,kkk,1,1,"Đường Trần Cung, Phường Cổ Nhuế 1, Quận Bắc Từ Liêm, Hà Nội","cần gấp   giá rẻ.  khoảng 13-14m công trình phụ kép kín. giá sập sàn 900k, điện nước dùng bao nhiêu trả tiền bấy nhiêu. miễn trung gian: đt 0914442779"
529,10/2020,4200000,42,21.053614, 105.788117,nhatang,7.8,5,khepkin,3,2,"82 Phố Trần Cung, Phường Nghĩa Tân, Quận Cầu Giấy, Hà Nội","  khép kín tại tầng 1, rộng 42m2, có đủ đồ, có thể làm văn ,  dạy học hoặc nhà ở."
718,08/2020,2600000,16,21.0565362,105.7843483,nhatang,7.8,5,khepkin,4,2,"488 Đường Trần Cung, Phường Cổ Nhuế 1, Quận Bắc Từ Liêm, Hà Nội","chính chủ  nhà đường trần cung, cổ nhuếchính chủ  nhà đường trần cung* : ngõ 488 trần cung- có nóng lạnh- khép kín có wc riêng- có gác xép rộng- thiết kế  ốc dễ thương- nhà riêng chủ, giờ giấc thoải mái- có camera an ninh- full wifi- có chỗ để xe free dưới sân-  nào cũng có cửa sổ và cửa ra vào hướng ra ngoài trời, ánh sáng ngập tràn nhé.có  1,8tr và  2,6 tr liên hệ phone: 096.898.3899"
1748,09/2018,2000000,20,21.057599, 105.785220,nhatang,3.7,130,khepkin,4,2,"488 Phố Trần Cung, Phường Cổ Nhuế 1, Huyện Từ Liêm, Hà Nội","  ngách 21 ngõ 488 trần cunggần chợ , , có gác, nước nóng , máy lạnh, tiện nghi. , , an ninh tuyệt đối, xe có chỗ để nên không phải lo, giờ giấc tự do , có cữa xổ nên rất thoáng.nhà gần đường thuận tiện tất cả các tuyến xe bus 28, ưu tiên sinh viên, nhân viên văn  vvv... "
3360,08/2019,1500000,18,21.058918, 105.784535,nhatang,3.8,120,khepkin,1,3,"Số 26, Ngách 78, Ngõ 562 phố Trần Cung, P.Cổ Nhuế 1, Q.Bắc Từ Liêm","  18m, có gác xép để đồ, có ban công thoáng mát.giá 1.500.000 đồng, an ninh tốt, có chỗ để xe, truyền hình cáp, internet….. ở cùng gia đình công chức.địa chỉ : số 26, ngách 78, ngõ 562 phố trần cung, phường cổ nhuế 1, quận bắc từ liêm, tp.hà nội.liên hệ : anh hùng 099.302.8438 hoặc chị vinh 099.302.8436"
1863,01/2018,2200000,26,21.053792, 105.786237,nhatang,2.5,87,khepkin,1,3,"Số 35, ngách 195/41, ngõ 195 Phố Trần Cung, Phường Cổ Nhuế 1, Bắc Từ Liêm, Hà Nội"," khép kín, 18m2 + 8m2 gác xép, có sân phơi đồ, chỗ để xe.miễn phí truyền hình cáp, internet, sạch sẽ thoáng mát, an ninh tốt.giá điện nước theo giá nhà nước, có đồng hồ riêng.liên hệ cô thanh : 01677 858 638địa chỉ: số 35 ngách 195/31, ngõ 195, trần cung, bắc từ liêm, hà nội"
3361,08/2019,1500000,19,21.058934, 105.784545,nhatang,3.1,120,khepkin,3,2,"Số 26, Ngách 78, Ngõ 562 phố Trần Cung, P.Cổ Nhuế 1, Q.Bắc Từ Liêm","  18m, có gác xép để đồ, có ban công thoáng mát.giá 1.500.000 đồng, an ninh tốt, có chỗ để xe, truyền hình cáp, internet….. ở cùng gia đình công chức.địa chỉ : số 26, ngách 78, ngõ 562 phố trần cung, phường cổ nhuế 1, quận bắc từ liêm, tp.hà nội.liên hệ : anh hùng 099.302.8438 hoặc chị vinh 099.302.8436"
2285,03/2017,2500000,20,21.051360, 105.789157,nhatang,5.5,20,khepkin,2,4,"ngõ 208 Trần Cung, đối diện bệnh viện E Hà Nội, Phường Cổ Nhuế 1, Huyện Từ Liêm, Hà Nội","   > 20m2. tiện nghi đầy đủ: điều hòa, nóng lạnh..., vệ sinh, để xe miễn phí, ban công riêng, an ninh tốt..giá từ 2,3 triệu. không chung chủ, giờ giấc tự do thoải mái.lh: 01649725712.địa chỉ ngõ 208 trần cung, đối diện bệnh viện e."
129,03/2021,3000000,25,20.979702, 105.780597,nhatang,3.6,90.23,khepkin,5,3,"Đường Thanh Bình, Phường Mỗ Lao, Quận Hà Đông, Hà Nội","bạn chọn căn  như ý, chúng tôi chọn quý khách lịch thiệpcăn  phù hợp với gia đình nhỏ 2 - 4 người, hoặc hộ độc thân. thiết kế kiểu căn hộ studio. bố trí không gian và mặt bằng thông minh giúp tiết kiệm điện năng, tăng công năng tối ưu cũng như cảm giác thoải mái cho người sử dụng.1.khu vực  ngủ ấm cúng2.không gian  khách kết hợp làm việc / học tập:3.bếp riêng biệt ngăn cách với khu vực ngủ, tiếp khách/ làm việc, học tập giúp tiết kiệm điện năng và ngăn mùi (tùy )4. vệ sinh thông thoáng5.ban công hoặc khu phơi quần áo (tùy )các không gian được thiết kế linh hoạt để bạn có thể tùy ý xếp đặt, trang trí nội thất theo gu thẩm mỹ của riêng .trang thiết bị nội thất mới 100%, chất lượng và tinh tế do chủ đầu tư lựa chọn cẩn thận:-tủ lạnh sharp inverter 165 lít, nhập khẩu thái lan-điều hòa nhiệt độ casper-đệm bông ép cứng bọc gấm singapore king size (1,8 x 2m)-tủ quần áo gỗ to, rộng-cửa ra vào tiêu chuẩn khách sạn, chống ồn, chống cháy, có mắt thần quan sát (tùy )-kệ bếp, chậu rửa và vòi rửa kiểu dáng hiện đại.-bình nóng lạnh, chậu rửa lavabo, gương soi, vòi sen nóng lạnh-bồn cầu liền khối kiểu dáng hiện đại, tiết kiệm nước-gương, tranh trang trítiện ích khác:-sảnh chờ tại tầng lửng: không gian chung nơi cư dân tiếp khách, tán gẫu, thư giãn, chơi cờ…-chỗ để xe miễn phí-máy giặt sử dụng chung-khu chứa rác kín, riêng biệt cho tòa nhà-internet tốc độ cao-khóa vân tay cổng ra vào-thang máy sử dụng thẻ từ, camerađi bộ đến điểm dừng 20 tuyến xe bus, km0 ngã tư cầu trắng giao 4 con phố trần phú, thanh bình, quang trung, phùng hưng. bao quanh là nhà trẻ, trường học, siêu thị, nhà hàng, quán cà phê, hàng ăn sáng, tiệm giặt là, hiệu thuốc, vườn hoa... gần các trường đại học và bệnh viện lớn...giá thuê: 3.000.000đ – 3.500.000đ/ thánglưu ý:-các môi giới và chủ  vui lòng không liên hệ-hình ảnh thật 100%, bao gồm các trang thiết bị liệt kê như trên. không bao gồm một số đồ đạc cá nhân như đàn piano..."
137,02/2021,3200000,25,20.979614, 105.780206,nhatang,3.6,23.23,khepkin,4,4,"104 Đường Thanh Bình, Phường Mỗ Lao, Quận Hà Đông, Hà Nội","- nhà đẹp full nội thất mới - chỉ việc mang vali vào ở.-  đẹp, sạch sẽ thoáng mát gần: hv quân y, đh kiến trúc,bưu chính, chợ hà đông, cách cầu trắng 500m,...- giá 3.2tr/tháng. đóng 1 cọc 1 tháng (ở được luôn).- ban công cực rộng, thoáng mát.- thang máy tốc độ cao.mô tả chung.- full nội thất điều hòa, nóng lạnh, tủ lạnh, giường, tủ, phơi đồ, bàn học, để xe miễn phí, camera an ninh, máy giặt, kệ bếp.- cổng khóa vân tay đảm bảo an toàn.- chính chủ miễn môi giới.- điện 3,5k/ số.- nước 20k/số.- hàng tuần có người qua dọn vệ sinh chung cả nhà thường xuyên.- không ở chung chủ. giờ giấc đi lại thoải mái, tiếp bạn bè vô tư miễn là lịch sự - hợp đồng lâu dài không tăng giá, chu kỳ đóng tiền nhà 1 tháng 1 lần, đặt cọc 1 tháng tiền nhà."
425,11/2020,2500000,14,20.976478, 105.780946,nhatang,3.2,60.4,khepkin,4,1,"số 1 Đường Thanh Bình, Phường Yết Kiêu, Quận Hà Đông, Hà Nội","phù hợp ở 2 người (ưu tiên nam nhé.).  ngủ rộng khoảng 14m2.  khách rộng rãi sử dụng thoải mái.có vệ sinh riêng nhà có máy giặt, bn nào vào ở có thể sử dụng chung nhé.căn hộ rộng gần 70m2 bạn có thể ở bất kì đâu trừ  của mh.thanh toán tiền  3 tháng 1 cọc 2tr giống bn mh nhé."
860,05/2020,6500000,70,20.9867708,105.7801399,nhatang,6.3,10.5,khepkin,2,2,"423 Đường Thanh Bình, Phường Mỗ Lao, Quận Hà Đông, Hà Nội","  tổng  70m vuông gần khu đô thị mỗ lao, hà đông-  mặt đường thanh bình gần khu đô thị mỗ lao, hà đông.  ở 50m vuông, tổng  70m vuông.đầy đủ tiện nghi, sử dụng nước máy. giá cả thoả thuận"
1037,03/2020,4200000,40,20.980082, 105.779856,nhatang,4.5,12.5,khepkin,4,3,"Đường Thanh Bình, Phường Mỗ Lao, Quận Hà Đông, Hà Nội"," có 2  ở khép kín tại mặt đường thanh bình mới, yên tĩnh:- mỗi  đều có mặt thoáng, cửa sổ lớn ánh sáng tự nhiên, không khí trong lành, sạch sẽ, thoáng mát.- vệ sinh riêng, nóng lạnh đầy đủ, khu bếp riêng, chỗ phơi đồ rộng rãi, thoáng khí.- lối đi riêng, khu để xe riêng, an ninh tốt.- có wifi, điện nước giá sinh hoạt.- gần chợ, trường học,... cách đường trần phú 300m, giao thông thuận tiện.- có ưu đãi cho hộ gia đình thuê dài hạn. tầng 2:- 30m2: 3,5 triệu/tháng- 40m2: 4,2 triệu/tháng (có ban công, 2  ngủ như chung cư mini)"
1496,02/2019,3200000,20,20.979588, 105.780113,nhatang,3.6,20.5,khepkin,5,4,"Đường Thanh Bình, Phường Mỗ Lao, Quận Hà Đông, Hà Nội","căn hộ nhỏ ấm cúng với thiết kế hiện đại. cửa sổ hướng đông nam tràn ngập ánh sáng, đón gió mát mùa hè và chắn gió lạnh mùa đông.  vệ sinh riêng có ô thoáng hút gió lấy ánh sáng, luôn khô thoáng và sạch sẽ.nội thất cao cấp gồm điều hòa, bình nóng lạnh, giường đệm 1,8 x 2m, tủ quần áo... khu nhà có thang máy, camera 24/7. có chỗ để xe.tọa lạc tại trung tâm quận hà đông (sát sau khách sạn perfect anh quân / tòa tháp doanh nhân). trong khu dân trí cao và an ninh. ô tô đỗ cửa và thuận tiện giao thông. gần các trường đh kiến trúc, an ninh, bưu chính viễn thông, đh hà nộitiện ích trong phạm vi 300m: nhà hàng, quán cà phê, hàng ăn sáng, tiệm giặt là, hiệu thuốc…điểm dừng xe gần 20 tuyến xe bus, ga tàu điện cát linh – hà đông. nhà hàng, quán cà phê, hàng ăn sáng, tiệm giặt là, hiệu thuốc…giá thuê: 3.000.000đ – 3.600.000đ/ tháng;lý tưởng cho hộ độc thânliên hệ: a. vinh 0913093489"
3575,08/2019,1500000,9,20.98068090, 105.77902316,nhatang,5.4,10.5,khepkin,1,1,"156 Đường Thanh Bình, Quận Hà Đông","chủ hộ:nguyễn tân tỉnh.sđt: 01693296810.địa chỉ:156 đường thanh bình, quận hà đông.liên lạc để biết thêm chi tiết."
126,03/2021,4500000,50,21.040638, 105.808510,nhatang,6.2,128,kkk,5,4,"Số 14 Ngõ 376/29 Đường Bưởi, Phường Vĩnh Phúc, Quận Ba Đình, Hà Nội","cô chú minh có nhà 3,5 tầng nhưng không sử dụng hết nên thừa tầng 2 ở ngõ 376/29 đường bưởi (gần khu vĩnh phúc, ba đình) đã chia sẵn 2  1 to (22 m2 kể cả ban công) có cửa sổ to và 1 nhỏ (16 m2) có cửa sổ . các  đều có điều hoà 12.000 btu, giường có đệm, tủ. wifi tốc độ cao cho từng .  wc bên ngoài hành lang rộng rãi chung cho cả 2  có bình nóng lạnh.  khách, bếp, xe máy và giặt ở tầng 1. phơi quần áo ở tầng 4.giờ giấc thoải mái, có chìa khoá riêng từng người, từng  đảm bảo tự do cá nhân, có camera bên ngoàiđiện theo công tơ 4k/số, nước chỉ 50k/người và internet cũng chỉ 50k/ngườiđường đi trong ngõ rộng rãi, ôtô có thể quay đầu.nhà gần chợ, siêu thị, bệnh viện 354, công an phường, đường hoàng quốc việt, đội cấn, hoàng hoa thám, văn cao, liễu giai, daewoo, lotte martkhu an ninh tốt, yên tĩnh thích hợp cho những bạn đi làm cả tầng 2 giá 4tr5, ở tối đa từ 3 đên 4 người, chỉ cho nữ thuê. có thể  từng : một  2tr, một  2tr5 có ảnh và videos để các bạn xem trước theo đường link: https://photos.app.goo.gl/zxs9lyw29j2bpabmaliên hệ với cô chú theo số đt: 091 2153052 hoặc 090 4197569 hoặc đến nhà để xem "
562,07/2020,2900000,27,21.037411, 105.808723,nhatang,6.6,168,khepkin,5,4,"16 Đường Bưởi, Phường Nghĩa Đô, Quận Cầu Giấy, Hà Nội","  khép kín mới xây 3 tầng có bình nóng lạnh, điều hòa nhiệt độ, ở riêng không chung chủ nhà, cách mặt đường võ chí công 100m, gần chợ bưởi, nghĩa đô..gần các trường đại học điện lực, kỹ thuật quân sự, bến xe buýt...có nguồn nước máy và điện công tơ riêng, thoáng mát, mùa hè mát mẻ. liên hệ bác chủ nhà, ko qua sms"
1529,12/2018,1800000,18,21.034672, 105.805896,nhatang,7.2,10,khepkin,5,5, "178a đường bưởi, phường cống vị, Quận Ba Đình, Hà Nội","cho bạn nữ thuê  tại số 178a đường bưởi, phường cống vị, quận ba đình.  sử dụng 18m2, wc và chỗ đun nấu sát , tiện sinh hoạt. nằm sát ngã tư bưởi- đào tấn, giao thông thuận tiện cho sinh hoạt, học tập và làm việc.liên hệ a kiên 0967 288 983 / 0902 299 455 để xem  cụ thể."
2875,06/2016,1700000,20,21.034901, 105.807191,nhatang,3.5,10,khepkin,3,4,"Bưởi, Phường Nghĩa Đô, Quận Cầu Giấy, Hà Nội",  rộng chính chủ còn mới rộng 20m2 còn mới khu phụ khép kín. có gác xép để đồ. thoáng mát sạch sẽ. an ninh tốt yên tĩnh. có thc + internet. điện 3k/1 số. nước 50k/1n. nhà gần xuân đỉnh xuân la tây hồ.  lâu dài.gía 1tr7/1thang.ai có nhu cầu liên hệ cô hiển sđt: 0973763082
3519,08/2019,2200000,25,21.032822, 105.804689,nhatang,4.25,20.56,khepkin,2,5,"Ngõ 90 Đường Bưởi, Ba Đình","chính chủ  1  khép kín 25m2 nhà 4 tầng mới xây cực đẹp, tự do thoải mái là một yếu tố quan trọng, không chung với chủ nhà. nội thất: có đầy đủ mạng, cáp quang miễn phí, có giường, bệ bếp, chậu rửa bát, nhà vệ sinh đầy đủ thiết bị cần thiết: vòi hoa sen, vòi vệ sinh, gương treo.. nhà ở khu an ninh, trật tự tốt, liên hệ 0164 55 66 555. lưu ý không qua trung gian, liên hệ trước khi gặp, ở một người có thể thương lượng giá, phù hợp với dân tri thức, và yên tĩnh, lịch sự: giá: 2.2 triệu/tháng lh: mr chung: 0164.55.66.555"
2823,06/2016,2200000,18,21.041531, 105.806798,nhatang,9.2,5,khepkin,5,4,"412 Đường Bưởi, Phường Vĩnh Phúc, Quận Ba Đình, Hà Nội","  18m2 (giảm 20% tiền  cho tháng 5) đầy đủ điều hòa, nóng lạnh, th cáp 2,2 triệu tại cầu giấy:đ/c: 412 đường bưởi - quận cầu giấy, gần các trường đh gt, đh qg, đh sư phạm, đh điện lực, mẫu giáo..... cửa sổ thoáng mát. nhà rất yên tĩnh và an ninh tuyệt đối.  tầng 4.(chỉ cho nữ thuê): 18m2.vệ sinh riêng biệt khép kín.sân phơi riêng trên tầng 5miễn phí: truyền hình cáp âm tường sẵn có.điện: 3500 đ/kw. nước: 65.000 đ/người.giá thuê: 2.200.000 đ/tháng. (đóng 1 tháng/lần, đặt cọc 1 tháng).xe máy: còn chỗ để được 1 chiếc xe số.thời gian khóa cửa để đảm bảo an ninh cho người thuê: 23h00 hàng ngày.thi thoảng về trễ hơn có thể báo trước nếu có việc.nhà 05 tầng, chỉ có 2 vợ chồng trẻ nhà  và  vài  toàn ở 1 người và đi làm văn . đường đi riêng biệt. yên tĩnh.bắt đầu ở từ ngày 1/5/2016.lh: 0904892396 (chủ nhà)hoặc lối đi phía sau: ngõ 376/ngách số 1/đối diện nhà 30.cảm ơn!"
2211,06/2017,2000000,25,21.050085, 105.810452,nhatang,2.7,242,kkk,1,3,"Số nhà 27 ngõ 50 Phường Bưởi, Quận Tây Hồ, Hà Nội"," 2 : mỗi  25m2, vệ sinh khép kín, đi chung với chủ nhàkhu nhà có  gần :- hồ tây- chợ bưởi- trường mầm non- trường cấp 1 + 2 đông tháisdt : 01639045053 / 01676151142"
138,02/2021,3400000,30,20.9798652,105.7785912,ccmn,2.7,242,khepkin,5,5,"Phố Vạn Phúc, Phường Vạn Phúc, Quận Hà Đông, Hà Nội","chính chủ  chung cư mini mới xây xong vào ở phố ngọc trục - đại mỗ ( cách ngã tư vạn phúc - tố hữu 800m )tòa chung cư mini 6 tầng nằm đầu phố ngọc trục gần ngã tư tố hữu - vạn phúc, đường to ô tô đỗ cửa, được thiết kế tiện lợi, đầy đủ tiện ích đi kèm.* thiết kế với  30m2 với phong cách hiện đại, tiện dụng.*  gồm có: + điều hòa 02 chiều inverter+ nóng lạnh + tủ quần áo âm tường rộng + giường 1,6m* khu bếp riêng biệt, chậu rửa bát hiện đại nấu nướng không sợ mùi vào  ngủ và  khách.* wc khép kín hiện đại, thiết bị vệ sinh inax.* tòa nhà được lắp camera an ninh đảm bảo, thoải mái đi lại.* miễn phí: phí để xe, truyền hình cáp, internet cáp quang, camera các tầng. đặc biệt chủ nhà có trang bị hệ thống lọc nước ro tiệt trùng bằng tia cực tím.* vùng lân cận: cách ngã tư vạn phúc – tố hữu 800m; cách trung tâm hội nghị quốc gia 4km; cách bưu điện hà đông 2,5km; cách tttm hồ gươm plaza 3km; cách tttm aeon hà đông 2km.* giá : 3.400.000 đ. giá điện: 3.000/kw; nước: 20.000/m3. địa chỉ: ô số 05, khu giãn dân ngọc trục - p. đại mỗ - q. nam từ liêm - hn liên hệ chính chủ: 0919 016 680 - 0912 277 596"
975,04/2020,3400000,30,20.9755388,105.7863626,ccmn,2.7,242,khepkin,5,5,"Phố Vạn Phúc, Phường Vạn Phúc, Quận Hà Đông, Hà Nội","chung cư mini 30-35m2 - 3tr4/tháng - đang có k/mại khủngnhà có ban công - full đồ - ô tô đỗ tận cửa15/4 này,  (chính chủ) có 1 số căn hộ ccmn trống cần :: mặt đường ngọc trục (tìm trên gg map từ khóa chính xác: ngọc trục 57),- 6 phút đến đại lộ thăng long- 6 phút đến ngã tư quang trung - vạn phúc- 8 phút đến ngã tư lê văn lương - tố hữu- 10 phút đến ngã tư nguyễn trãi - khuất duy tiến- 17 phút đến keangnamtòa nhà mặt đường, ô tô vào tận cửa, chỗ đỗ xe ô tô cách 20m (tiền gửi xe ô tô chỉ có 500-600k/tháng)ban công rộng rãi thoáng mát,  thiết kế đỉnh cao, ánh sáng tràn ngập, bếp riêng biệt.full đồ: giường, tủ, điều hòa, nóng lạnh, bếp từ đôi, tủ bếp, quạt trần, đèn ngủ.xe máy để miễn phí ở tầng 1, có khóa vân tay an toàn, camera an ninh trong và ngoài hoạt động 24/7.không chung chủ, giờ giấc tự do.thích hợp với vợ chồng trẻ, dân văn  ở 1-2 người.điện: 3k/số - nước: 20k/khốikhuyến mãi khủng: tặng 15 ngày đầu tiên khi đặt  trước 15/4 & giảm 500k/tháng trong 2 tháng đầu tiêngiá thuê: 3tr4/tháng, thanh toán 1 tháng 1, cọc 1 tháng (thanh toán 3 tháng có giảm thêm)lh: (phone/zalo) để xem  ạ!"
1608,01/2019,3800000,60,20.989358, 105.773396,nhatang,5.8,479.93,khepkin,2,2,"Phố Vạn Phúc, Phường Vạn Phúc, Quận Hà Đông, Hà Nội","chính chủ  tầng 2 và tầng 4 của tòa nhà 05 tầng. cách ngã tư vạn phúc - tố hữu 600m.căn hộ  60m2 được chia thành 02  riêng biệt, thiết kế hợp lý, phong cách hiện đại.thiết bị vệ sinh inax còn mới.giá điện: 3.000đ/kw; nước 20.000đ/m3.không ở cùng chủ nhà. an ninh tốt, đường to ô tô đỗ cửa.liên hệ chủ nhà: 0919016680 hoặc 0912277596địa chỉ: ô số 14, khu giãn dân ngọc trục - p. đại mỗ - q. nam từ liêm - hn"
1722,09/2018,1400000,17,20.984083, 105.768282,ccmn,3.39,77.96,khepkin,4,2,"Vạn Phúc, Phường Vạn Phúc, Quận Hà Đông, Hà Nội","  mô hình trung cư minivệ sinh khép kín, có wifi, camera....địa chỉ: đại mỗ, từ liêm (gần ngã 4 tố hữu, vạn phúc).ưu tiên cho hộ gia đình ở lâu dài.liên hệ ms nga 094 79 75 798 (chủ nhà)ps: còn 2 :- 01  tầng 3  17m2 giá 1,7 triệu/tháng có gác xép 7m2- 01  tầng 1  14m2 giá 1,4 triệu/tháng có gác xép 6m2nhận  28/8/2018."
2724,07/2016,1600000,20,20.974260, 105.764257,ccmn,5.09,318,khepkin,2,3,"Vạn Phúc, Phường La Khê, Quận Hà Đông, Hà Nội","  trong chung cư 150m như sau:- địa điểm: nhà ct5b chung cư văn khê – hà đông  : 20m -25m/1 - đường rộng rãi, tầng 1 là siêu thị, trường mầm non, mẫu giáo, 1 có chỗ tập gym.- thoáng mát, mùa hè ngủ không phải bật quạt, sạch sẽ, rộng rãicác dịch vụ kèm:------------------+ thang máy (miễn phí thang máy)+ có ban công+ vệ sinh khép kín+ bao gồm phí quản lý tòa nhà+ có bảo vệ, camera an ninh+ giờ giấc tự do thoải mái+ hầm để xe rộng rãi thoải mái.+ phí gửi xe máy: 50k/1 tháng+ điện: 100.000 đồng/1ng/tháng+ nước: 50.000 đồng/1 người /tháng+ mạng internet: 50.000 đồng/1 tháng (có wifi)------------------+ giá: 1.600.000 đồng/1 tháng,liên hệ: 0912.782.988ghi chú: chỉ cho các bạn nữ thuêưu tiên các bạn đi làm, nếu ở 1 sẽ giảm thêm"
2584,10/2016,1500000,20,20.974260, 105.764257,ccmn,5.09,318,khepkin,2,3,"Vạn Phúc, Phường La Khê, Quận Hà Đông, Hà Nội","  trong chung cư như sau: - địa điểm: nhà ct5b chung cư văn khê – hà đông  : 20m -25m/1  - đường rộng rãi, tầng 1 là siêu thị, trường mầm non, mẫu giáo, 1 có chỗ tập gym. - thoáng mát, mùa hè ngủ không phải bật quạt, sạch sẽ, rộng rãi các dịch vụ kèm: ------------------ + thang máy (miễn phí thang máy) + có ban công + vệ sinh khép kín + bao gồm phí quản lý tòa nhà + có bảo vệ, camera an ninh + giờ giấc tự do thoải mái + hầm để xe rộng rãi thoải mái. + phí gửi xe máy: 50k/1 tháng + điện: 100.000 đồng/1ng/tháng + nước: 50.000 đồng/1 người /tháng + mạng internet: 50.000 đồng/1 tháng. liên hệ: 0912.782.988 ghi chú: chỉ cho các bạn nữ thuê o 1 minh"
3194,01/2016,1600000,25,20.978694,105.774148,nha,4.42,242,khepkin,2,2,30 Vạn Phúc - Hà Đông - Hà Nội," 25 m2 (vệ sinh khép kín) sạch sẽ thoáng mát, nóng lạnh đầy đủ, an ninh tốt, ai có nhu cầu sớm liên hệ."
134,02/2021,1200000,15,20.995255, 105.819164,ccmn,2.7,169.62,khepkin,2,2,"Đường Bùi Xương Trạch, Phường Khương Đình, Quận Thanh Xuân, Hà Nội",  mimi khép kín nhà 4 tang ưu tiên ở một  công trình phụ khép kín gần chợ gần trường học
145,03/2021,2500000,20,20.9880064,105.8183255,nhatang,3.9,120.7,khepkin,5,2,"Đường Bùi Xương Trạch, Phường Khương Đình, Quận Thanh Xuân, Hà Nội","cần   trong nhà 5 tầng tại phố bùi xương trạchphường khương đình, quận thanh xuân, hà nộicòn 2 loại giá  như sau;+ còn  ở tầng 2 giá 2,5 triệu/tháng.+ tầng 4 giá 2,3 triệu/ thángmỗi tầng 2  dùng chung 1wc  rộng khoảng 20m2 đến 25m2, sàn gỗ, thoáng mát, ô tô vào tận nhàđt 0945.931616 (chính chủ)"
164,03/2021,2700000,26,20.993895, 105.817199,nhatang,2.7,242,khepkin,5,5,"Đường Bùi Xương Trạch, Phường Khương Đình, Quận Thanh Xuân, Hà Nội", khép kín đầy đủ tiện nghi điều hoà nóng lạnh bếp đun ban công thoáng mát có tủ lanh tủ quần áo vệ sinh riêng biệt  có gác xép gần phố gần chợ an ninh tốt có chỗ để xe tầng 1 mạng miễn phí sinh hoạt giờ giấc tự do  rộng 26 m giá 2700k liên hệ chính chủ đt 0971161975 địa chỉ 6 ngách 9 ngõ 77 bùi xương trach thanh xuân
195,12/2020,1700000,20,20.9887717,105.8180319,nhatang,2.8,218.21,khepkin,4,3,"Đường Bùi Xương Trạch, Phường Khương Đình, Quận Thanh Xuân, Hà Nội","  khép kín  20m2 tại ngõ 1 bùi xương trạch khương đình thanh xuân có : internet, truyền hình cáp, nóng lạnh, vòi tắm hoa sen, kệ bếp , gác xép, giường tủ, gần chợ khương đình, tự do tiếp bạn bè, thuận tiện trong sinh hoạt. không chung chủgiá : 1,7 triệu/thángliên hệ : 0915154036 ( chính chủ )"
439,11/2020,2800000,26,20.990328, 105.817969,nhatang,3.4,20.8,kkk,3,4,"Đường Bùi Xương Trạch, Phường Khương Đình, Quận Thanh Xuân, Hà Nội",nhà mới xây đầy đủ tiện nghi khép kín bếp đun vệ sinh riêng biệt ban công phơi quần áo điều hoà nóng lạnh  có gác xép rộng 26m tầng 2 có chỗ để xe tầng 1 miễn phí sinh hoạt tự do chìa khóa riêng liên hệ 6 ngách 9 ngõ 77 bùi xương trach thanh xuânđt 0971161975
456,09/2020,3000000,32,20.990688, 105.818072,nhatang,3.4,89.67,kkk,2,4,"Số 16 ngõ 77/5 Đường Bùi Xương Trạch, Phường Khương Trung, Quận Thanh Xuân, Hà Nội","  giá 3tr/điện,nước theo giá dânwifi: 50k/ 3 người ở tối đacó kệ bếp nấu nướng riêng tầng 1"
721,06/2020,1700000,14,20.991049, 105.818024,nhatang,2.6,98.6,khepkin,3,2,"Đường Bùi Xương Trạch, Phường Khương Đình, Quận Thanh Xuân, Hà Nội","55/358 bùi xương trạch1.700.000cần tìm một bạn nữ (chỉ 1 và là nữ) để nhượng lại  lát gỗ, hè mát đông ấm, điện nước giá dân chia đầu ngườiđóng 2 tháng một lần , cọc 1 thángkhu dân trí cao không trộm cắp, nvs ngay cạnh  share với 1 bạn nữ  bêncó nóng lạnh, chưa có điều hoà ( bạn nào có nhu cầu có thể tự lắp đặt )cực kỳ yên tĩnh, các bạn  bên đều rất ý thức.tớ có sẵn một tủ gỗ lớn, do ngại chuyển tủ nên rất mong pass lại cho bạn nào thuê  vs giá hữu nghịsdt 0366644917"
774,06/2020,1600000,20,20.991627, 105.819112,nhatang,2.2,298,khepkin,5,3,"Đường Bùi Xương Trạch, Phường Khương Đình, Quận Thanh Xuân, Hà Nội","  chính chủ  20m2 khép kín tại ngõ 1 bùi xương trạch khương đình thanh xuân.  sạch sẽ thoáng mát, nhiều cửa sổ, có nóng lạnh, vòi tắm hoa sen, kệ bếp , gác xép. thuận tiện trong sinh hoạt, chìa khóa riêng, không chung chủ, gần chợ khương đình.giá : 1,6 triệu/thángliên hệ chính chủ : 0915154036"
635,08/2020,1300000,12,20.992227, 105.820309,ccmn,2.3,209.75,khepkin,1,2,"Ngõ 1, hẻm 1/62/23 Đường Bùi Xương Trạch, Phường Khương Đình, Quận Thanh Xuân, Hà Nội","  trong chung cư mini 5 tầng , vệ sinh khép kín sạch đẹp giá 1.3tr, ưu tiên ở 1 , điện: 4k/số, nước 25k/ khối"
1255,10/2019,1500000,12,20.992245, 105.818293,ccmn,2.75,180,khepkin,1,2,"ngõ 1 Đường Bùi Xương Trạch, Phường Khương Đình, Quận Thanh Xuân, Hà Nội","  trong chung cư mini , tầng 2 và tầng 3 , giá từ 1.4 -2 tr, điện : 4k/ số, nước : 25k/ khối. vệ sinh khép kín sạch sẽ ưu tiên ở 1 "
215,12/2020,2000000,13,20.987522, 105.819412,nhatang,3.8,72.8,khepkin,4,2,"207/11 Đường Bùi Xương Trạch, Phường Khương Đình, Quận Thanh Xuân, Hà Nội"," ở tầng 3, đẹp thoáng, đủ điều hòa nóng lạnh mới.+ tầng 4 có máy giặt, có chỗ phơi đồ, tầng 1 để xe free.+ nhà ở ngõ 207/11 bùi xương trạch, cách ngã tư sở 1,9km. tiện đi lại. gần các trường đh y, ngân hàng, công đoàn, thủy lợi, xã hội nhân văn,...giá: 2 triệuđiện 3.5k/số, nước 60k/người, internet 30k người, vệ sinh chung 50k/ ngườilh: chú nguyên 0979931996"
1465,01/2019,1200000,12,20.992233, 105.818608,ccmn,2.2,310.25,kkk,1,2,"Đường Bùi Xương Trạch, Phường Khương Đình, Quận Thanh Xuân, Hà Nội","  trong chung cư mini giá 1.2tr, điện + nước đầy đủ , ưu tiên ở 1 .địa chỉ: đường bùi xương trạch, phường khương đình, quận thanh xuân, hà nội"
981,03/2020,1700000,20,20.991391, 105.820235,ccmn,2.2,253.5,khepkin,5,4,"Đường Bùi Xương Trạch, Phường Khương Đình, Quận Thanh Xuân, Hà Nội","tôi có nhu cầu  ccmn chính chủ tại bùi xương trạch khương đình thanh xuân.  các  từ 18m2 - 20m2 khép kín.  sạch sẽ thoáng mát,ban công thoáng mát, có internet, truyền hình cáp, nóng lạnh, vòi tắm hoa sen, gác xép, kệ bếp. thuận tiện trong sinh hoạt, tự do thoải mái,gần chợ khương đình, không chung chủ.giá : 1,5 - 1,7 triệu/tháng/.liên hệ chính chủ : 098.194.2070 ( không phải môi giới)cảm ơn các bạn đã đọc tin."
1440,04/2019,2200000,25,20.987827, 105.818660,nhatang,2.7,40.5,khepkin,4,3,"183 Đường Bùi Xương Trạch, Phường Khương Đình, Quận Thanh Xuân, Hà Nội","chính chủ cần   khép kín tại tầng 1 có đầy đủ tiện nghi điều hòa , nóng lạnh , bếp...(không môi giới)đ/c : 183 bùi xương trạch - thanh xuân - hnliên hệ : 0989487778 (bác bẩy)"
1479,01/2019,3500000,28,20.985445, 105.819687,nhatang,4.6,398,khepkin,5,3,"Đường Bùi Xương Trạch, Phường Khương Đình, Quận Thanh Xuân, Hà Nội","nhà xây mới sạch sẽ thoáng mát, điện nước giá bình dân,có nhà để xe, sân chơi riêng.địa chỉ: đường bùi xương trạch, phường khương đình, quận thanh xuân, hà nội"
1475,01/2019,1200000,12,20.992227, 105.820309,ccmn,2.5,209.75,khepkin,1,2,"Ngõ 1, hẻm 1/62/23 Đường Bùi Xương Trạch, Phường Khương Đình, Quận Thanh Xuân, Hà Nội","  trong chung cư mini, giá 1.2tr, điện, nước máy đầy đủ, ưu tiên ở 1 ngườiđịa chỉ: ngõ 1, hẻm 1/62/23 đường bùi xương trạch, phường khương đình, quận thanh xuân, hà nội"
1487,02/2019,2000000,22,20.984185, 105.819058,ccmn,3.0,307.01,khepkin,1,3,"Số 54 Ngõ 358/25,Đường Bùi Xương Trạch, Phường Khương Đình, Quận Thanh Xuân, Hà Nội"," có  22m2 ở ngõ 358 bùi xương trạch.  tầng 3 trong căn hộ mini 7 tầng mới xây 2017. đường ngõ rộng 3.5m. gần chợ cầu lủ, thông đường bùi xương trạch và vũ tông phan. mời bạn qua xem .lh : 0984 697 401"
1641,11/2018,1300000,12,20.988991, 105.819619,ccmn,2.8,140.80,khepkin,1,2,"Đường Bùi Xương Trạch, Phường Khương Đình, Quận Thanh Xuân, Hà Nội","  trong chung cư mi ni 2 tầng, giá 1.2-1.5tr, điện: 4k/s, nước: 25k/số tại ngõ 1 phố bùi xương trạch"
1642,11/2018,1300000,12,20.988554, 105.820058,ccmn,2.5,182.80,khepkin,1,2,"Đường Bùi Xương Trạch, Phường Khương Đình, Quận Thanh Xuân, Hà Nội"," nhà trong chung cư mini 4 tầng, giá 1.2-1.5tr , điện: 4k/số, nước máy: 25k/sốđịa chỉ: đường bùi xương trạch, phường khương đình, quận thanh xuân, hà nội"
2041,09/2017,1400000,12,20.9921241,105.8180594,ccmn,2.5,210.75,khepkin,1,2,"Ngõ 1, Đường Bùi Xương Trạch, Phường Khương Đình, Quận Thanh Xuân, Hà Nội","  trong chung cư mini 4 tầng còn 2 , hộ gia đình 17m gác xép 10m giá 1.9tr,  thường 12m có gác xep 5 métgiá 1.4tr"
1730,08/2018,2500000,50,20.991323, 105.820339,ccmn,2.1,312.35,khepkin,2,2,"Ngách 1/62/41 Đường Bùi Xương Trạch, Phường Khương Đình, Quận Thanh Xuân, Hà Nội","nhà có  thuận lợi: gần trường học, an ninh an toàn, hướng đông nam thoáng mát. nhà vừa xây xong chưa về ở.tổng  nhà 50m2, 4 tầng trong đó tầng 1 làm  khách và bếp. tầng 4 phơi phóng giặt giũ. tầng 2,3 mỗi tầng 2  ngủ  17m2/."
2490,06/2016,2500000,25,20.985420, 105.819700,ccmn,2.9,40.67,khepkin,2,3,"29/295 Bùi Xương Trạch, Phường Khương Đình, Quận Thanh Xuân, Hà Nội","chính chủ   trong nhà 5 tầng tại phố bùi xương trạchgiá 2,5 triệu.ở riêng chủ, điện nước theo giá nhà nước. rộng 25m2, sàn gỗ, có cữa sổ thoáng mát.ô tô vào tận nhà.còn  ở tầng 2giá 2,5 triệu/tháng. tầng 4 giá 2,3 triệu/ tháng. mỗi tầng 2  dùng chung 1wc.địa chỉ cụ thể số 29 ngõ 295 phố bùi xương trạch.ai có nhu cầu thuê liên hệ chủ nhà. :đt 0945.931616"
1745,10/2018,2000000,16,20.992020, 105.819640,ccmn,2.5,270.75,khepkin,1,2,"NGõ 1, nghách 1/46, hẻm 1/62/23 Đường Bùi Xương Trạch, Phường Khương Đình, Quận Thanh Xuân, Hà Nội","  trong chung cư minni 5 tầng, giá từ 1.3tr-2tr, điện : 4k/ số, nước máy: 25k/s. "
2143,11/2017,1200000,11,20.992293, 105.819538,ccmn,2.5,260.75,khepkin,1,2,"Ngõ 1 Đường Bùi Xương Trạch, Phường Khương Đình, Quận Thanh Xuân, Hà Nội","  trong chung cư mini 4 tầng mới xây, điện: 4k/số, nước máy: 20k/số,  giá 1.2tr ưu tiên ở một đc: ngõ 1 đường bùi xương trạch, phường khương đình, quận thanh xuân, hà nội"
2335,05/2017,1400000,13,20.991957, 105.816777,ccmn,2.9,48.67,khepkin,1,2, "Bùi Xương Trạch, Phường Khương Đình, Quận Thanh Xuân, Hà Nội","chính chủ   trong chung cư mới xây 4 tầng,wc khép kín, mỗi  13 m2 tại ngõ 1 bùi xương trạch, điện: 4.000/số, nước: 18.000/khối"
2010,08/2017,1400000,13,20.9899079,105.8172975,ccmn,2.5,210.75,khepkin,1,2,"Số nhà 15, ngõ 1, đường Bùi Xương Trạch, Phường Khương Đình, Quận Thanh Xuân, Hà Nội","chính chủ   trong chung cư mới xây 4 tầng,wc khép kín, mỗi  13 m2 tại ngõ 1 bùi xương trạch, điện: 4.000/số, nước: 18.000/khối"
2208,06/2017,2000000,20,20.991460, 105.819279,ccmn,2.7,188.75,khepkin,1,2,"số nhà 58 ngõ 1/62/24 Bùi Xương Trạch, Phường Khương Đình, Quận Thanh Xuân, Hà Nội","nhà còn trống 3  . nhà ở gần ngã tư sở các trường đại học công đoàn, đh thủy lợi, đh bk, đh ktqd, hvnh, đh quốc gia tiện lợi việc di vào tt thành phố, các bến xe phía nam như giáp bát, nước ngầm, có thể bắt xe buýt tuyến 05, 16 đi bến xe mỹ đình. không gian yên tĩnh, an ninh tốt phù hợp cho việc học tập và nghỉ ngơi sau một ngày làm việc. giá cả liên hệ mr hưng 0936108879-10697588881"
1702,11/2018,700000,10,20.983528, 105.818179,nhacap,2.4,160.0,kkk,1,2,"Số 9, ngách 358/25 Bùi Xương Trạch, Phường Khương Đình, Quận Thanh Xuân, Hà Nội","  giá rẻ ở số 9, ngách 358/25 bùi xương trạch. khu nhà có  thuận lợi: gần chợ, gần trường học, có chỗ để xe.  dành cho 1 người ở; nhà vệ sinh riêng; tiền nước 1 tháng 80k/ người, tiền điện 4k/số. mọi chi tiết vui lòng liên hệ số đt, thanks !"
1786,07/2018,1400000,13,20.990592, 105.816782,ccmn,3.2,63.80,khepkin,1,2,"Đường Bùi Xương Trạch, Phường Khương Đình, Quận Thanh Xuân, Hà Nội","  trong chung cư mi ni 4 tầng, giá 1.4-1.5 tr/ tháng, điện : 4k, nước máy: 25kđịa chỉ: đường bùi xương trạch, phường khương đình, quận thanh xuân, hà nội"
2205,06/2017,2400000,25,20.990762, 105.818379,nhatang,3.5,95.67,kkk,2,4,"Bùi Xương Trạch, Phường Khương Đình, Quận Thanh Xuân, Hà Nội"," cần tìm 2 bạn nam ở ghép tại số nhà 44 ngõ 77 bùi xương trạch.hiện  đang ở  trên tầng 3 rộng 25m2 trong nhà 4 tầng rộng rãi và thoáng nên muốn tìm bạn ở cùng để share tiền . tầng 1 để xe và nấu ăn, phơi quần áo tại tầng 4.  có ban công và cửa sổ rất thoáng. có nóng lạnh, cáp nét, điện nước giá nhà dân. nhà gần các trường học, bến xe giáp bát, đặc biệt gần chợ nên rất thuận tiện. ở riêng không chung chủ nhé.  hiện tại chỉ  ở. ai có nhu cầu liên hệ  sđt: 0943125281"
2030,12/2017,1200000,12,20.993577, 105.820494,ccmn,2.5,130.75,khepkin,1,3,"Đường Bùi Xương Trạch, Phường Khương Đình, Quận Thanh Xuân, Hà Nội","  trong chung cư mi ni 4 tầng, công trình phụ khép kín giá 1.2tr -1.4tr, điện : 4k, nước 20k, : 12m, "
2663,09/2016,420000,20,20.991726, 105.817356,nhacap,5.8,2,kkk,1,1,"số 7/93, Bùi Xương Trạch, Khương Trung, Hà Nội", gồm một vài dãy nhà nhọ cấp 4. với chi phí sinh hoạt hợp túi tiên đối với các bạn hiện là sinh viên. gần trục đường chính với đầy đủ hàng quán phục vụ cho nhu cầu sinh hoạt. quản lý  thân thiện dễ gần. giá thuê  được chia đều cho 3 người. các dụng cụ phục vụ cho nhu càu sinh hoạt đã có đầy đủ.
3112,04/2016,1600000,12,20.992227, 105.820309,ccmn,2.7,30.75,khepkin,4,2,Ngõ 1 Bùi Xương Trạch,"[  nhà ở ngõ 1 bùi xương trạch ] nhà chị  4 tầng ở bxt đang  3  ngủ ( tầng 3 có 2  , tầng 2 có 1  ) ngăn giữa 2  ngủ mỗi tầng là  vệ sinh . nhà cách ngoại thương và kinh tế quốc dân , luật , học viện hành chính , học viện ngoại giao , xây dựng tầm 4 km , cách trường thuỷ lợi , đại học hà nội , khxh nhân văn , y hà nội hơn 1km .  ngủ rộng 12m2 đủ để kê một giường đôi , tủ quần áo và 1 bàn để máy tính. nói là thuê  nhưng sẽ đc sử dụng từ tầng 1 đến tầng 4 . tầng 1 có  vệ sinh ,  bếp và chỗ để xe riêng biệt , tầng 4 là chỗ phơi q.áo , có rào chắn xung quanh nên rất an toàn , ko lo mất đồ . nhà có wifi , bình nóng lạnh . điện nước đầy đủ theo giá nhà nước .  giá là 1tr6/ 1 người / 1  .  bạn nào có nhu cầu thì ib với  hoặc là gọi theo số 0968514882 hoặc 01636912105 ."
147,03/2021,2700000,30,21.047000, 105.798449,nhatang,4.57,60.79,khepkin,4,5,"Đường Hoàng Quốc Việt, Phường Nghĩa Đô, Quận Cầu Giấy, Hà Nội",  khép kín rộng 30m2 có điều hòa nóng lạnh.  sạch sẽ thoáng mát an ninh tốt. nhà đối diện binh đoàn 11.
3551,08/2019,1700000,16,21.043240, 105.804756,nhatang,3.5,79.5,kkk,3,6,"78 Ngõ 5 Hoàng Quốc Việt, Cầu Giấy","  chính chủ nhà 5 tầng tại số 78 ngõ 5 hoàng quốc việt, cầu giấy.mô tả :-  mới, sach; đẹp, sàn 16m2, khu dân trí cao- các  đều có cửa sổ kính , rèm, sơn cao cấp.- nhà vệ sinh hiện đại, rộng rãi, sứ inax, bình nóng lạnh ferroli.- có chỗ nấu ăn, giặt giũ, phơi quần áo.- có internet, truyền hình cáp.giá : 1.600.000 đến 1.800.000/ thángliên hệ chủ nhà: 0169.4948.755 - 0963.447.599(chủ nhà – không phải trung gian – không mất phí môi giới)"
3365,08/2019,1600000,16,21.042940, 105.804107,nhatang,3.5,140.5,kkk,3,6,78 ngõ 5 hoàng quốc việt,"  chính chủ nhà 5 tầng tại số 78 ngõ 5 hoàng quốc việt, cầu giấy. mô tả: -  mới, sach; đẹp, sàn 16m2, khu dân trí cao. - các  đều có cửa sổ kính, rèm, sơn cao cấp. - nhà vệ sinh hiện đại, rộng rãi, sứ inax, bình nóng lạnh ferroli. - có chỗ nấu ăn, giặt giũ, phơi quần áo. - có internet, truyền hình cáp. giá: 1.600.000 đến 1.800.000/ tháng. liên hệ chủ nhà: 0169.4948.755 - 0963.447.599. (chủ nhà – không phải trung gian – không mất phí môi giới)."
3012,06/2016,2000000,20,21.042991, 105.803651,nhatang,3.5,163.27,kkk,6,4,"Số 24, Ngõ 5, Ngách 72, Hoàng Quốc Việt, Quận Cầu Giấy, Hà Nội"," ,  20 m vuông, điều hòa, nóng lạnh đầy đủ, chỗ để xe rộng rãi.liên hệ: chủ nhà bác vânsđt: 01657281673ưu tiên các bạn liên hệ sớm."
3290,08/2019,2000000,25,21.042330, 105.803760,nhatang,2.9,122.27,khepkin,6,2,"Đường Hoàng Quốc Việt, Cầu giấy, Hà nội"," 1 phòng tầng 2 trong nhà 4 tầng (các phòng khác đã có người)giá: 25m2/ 2tr /tháng.đường hoàng quốc việt, cầu giấy, hà nội.nhà 4 tầng trên  đất 67 m2, 2 mặt ngõ,nhà riêng chủ, chìa khóa riêng đi đóng về mở tự do đi lại, thoải mái tiếp đón bạn bè.có ban công rộng 2,5m phơi đồ, cửa sổ thoáng mát, sạch sẽ. điện, nước, cap, net đầy đủ giá hóa đơn nhà nước.có kệ bếp nấu ăn, nóng lạnh, giường ngủ...liên hệ: 0987676502."
3277,08/2019,2500000,20,21.045836, 105.785711,nhatang,3.5,5.7,khepkin,7,6,"429 Hoàng Quốc Việt, Cầu Giấy","  khép kín đầy đủ tiện nghi tại 429 hoàng quốc việt, cầu giấy 20m2/.đầy đủ tiện nghi: giường, tủ, ti vi, điều hòa, nóng lạnh, internet, thc ... chỗ để xe tầng 1.đối diện trường đại học điện lực, hv ktqs,,,giá thuê: 2,5 - 3,5 triệu/thánglhcc: 0979031697 - 01678332553"
3279,08/2019,2400000,20,21.045535, 105.784717,nhatang,3.5,15.7,khepkin,7,6,"Cho thuê phòng khép kín đầy đủ tiện nghi tại 429 Hoàng Quốc Việt, Cầu Giấy","  khép kínđầy đủ tiện nghi tại 429 hoàng quốc việt, cầu giấy 20m2/.đầy đủ tiện nghi: giường, tủ, ti vi, điều hòa, nóng lạnh, internet, thc ... chỗ để xe tầng 1.đối diện trường đại học điện lực, hv ktqs,,,giá thuê: 2,5 - 3,5 triệu/thánglhcc: 0979031697 - 01678332553http://www.sanbatdongsanviet.com.vn"
3187,01/2016,1900000,22,21.048169, 105.795002,nhatang,4.5,160.83,khepkin,2,5,"Số 6, Ngách 42/1, Ngõ 106, Hoàng Quốc Việt, Cầu Giấy, Hà Nội","  giá rẻ nhất hoàng quốc việt, gần chợ, trạm xe bus, xe ô tô đi vào được, cô chủ thân thiện.chi tiết vui lòng liên hệ:0971806936"
3248,08/2019,4500000,60,21.047617, 105.798362,nhatang,4.57,57.90,khepkin,7,7,"Ngõ 34 Hoàng Quốc Việt , số nhà 35 B tổ 21 phường Nghĩa Đô, quận Cầu Giấy, Hà Nội","có  :ngõ34 hoàng quốc việt ,số nhà35 btổ21phườngnghĩa đô,quậncầu giấy, hà nội60m²giá :4 300 000 -4500000 vnd/thángkhép kín,bao gồm 1  khách, 1  ngủ, khu bếp riêng,có cửa sổ, thoáng mát. chỗ để xe ở trong nhà tầng 1, chỗ phơi tầng thượng. cótoilet, bếp, công trình phụ, internetđầy đủ,,thích hợp cho các gia đình, mớicóđiều hòa, nóng lạnhliên hệchính chủ :01 67 92 09009"
2950,05/2016,2000000,20,21.045419, 105.803782,nhatang,2.87,70.5,kkk,3,6,số nhà 58 ngõ 5 ngách 4 hoàng quốc việt," 2 triệu, rộng 20m2, có điều hòa, nóng lạnh,có sàn gỗ, có chỗ nấu ăn,có ban công thoáng mát, đảm bảo an ninh, mọi ng thân thiện. đường hqv, ngõ 5 ngách 4, (còn tất cả 3 ).liên hệ chú lịch0936776452"
2812,06/2016,2000000,25,21.046954, 105.798932,nhatang,2.3,65.5,kkk,3,6,"Hoàng Quốc Việt, Quận Cầu Giấy, Hà Nội","  đẹp, nền gỗ,  25m2, có nhà tắm riêng, có nóng lạnh, có sẵn giường, nấu ăn và phơi phóng trên tầng 5, xe để tầng 1địa chỉ: số 7a, ngõ 24/3 hoàng quốc việt, cầu giấy, hndt: 0915650834"
2743,07/2016,3000000,25,21.047259, 105.793377,nhatang,4.57,89.5,khepkin,6,7,"Hoàng Quốc Việt, Phường Nghĩa Tân, Quận Cầu Giấy, Hà Nội","cần  phòng trọ tại số 15 ngõ 112, ngách 112/5 hoàng quốc việt, cầu giấy, hà nội.phòng nằm trong nhà 5 tầng, diện tích 25m2, đầy đủ điều hòa, nóng lạnh, quạt tường, sàn gỗ, trần thạch cao. nằm trong khu dân trí cao, yên tĩnh, an ninh tốt.giá thuê: 3tr/thángliên hệ: 01693.787.212 – 0961.691.071"
2742,07/2016,2500000,24,21.043248, 105.804118,nhatang,4.57,137.27,khepkin,6,7,"Số nhà 15A ngách 5/72 đường Hoàng Quốc Việt, Quận Cầu Giấy, Hà Nội","  giá 2,5 triệu/tháng, nhà gần chợ gần các trường học, đại học và các bệnh viện.chú ý: không cho sinh viên thuê. ưu tiên người có công việc"
2481,12/2016,3300000,25,21.047389, 105.783213,ccmn,4.28,117.5,khepkin,7,5,"Hoàng Quốc Việt, Quận Cầu Giấy, Hà Nội","nhà hoàng quốc việt căn hộ chung cư mini khép kíntình trạng nhà: mới xây xong. nên đồ đạc trong nhà là mới tinh hết. nằm trong khu dân chí cao, không phải lo sợ về các tệ nạn. rộng 25m2 sạch sẽ thoáng mát mùa hè, ấm áp mùa đôngnhà có 6 camera 24/24 có thiết bị cảnh báo cháy nổ nên các bạn luôn yên tâm là không bao giờ bị hỏa hoạn hay cháy nổ nhé.có cáp mạng truyền hình capcó wifi tốc độ cao khép kín thiết bị vệ sinh hiện đạicửa sổ thoáng mátcó chỗ phơi quần áocó đầu chờ máy giặt để xe free tầng 1.gần đh điện lực, cao đẳng du lịch, học viện tài chínhđiện 3500đ/số.internet: 100n/ .nước 80k/ người.nhà hqv giá 3.3 tr. có thể thương lượngliên hệ:mr thịnh 0975205263"
1971,03/2018,3500000,18,21.045874, 105.785487,nhatang,12.6,2.5,khepkin,9,8,"Đường Hoàng Quốc Việt, Phường Nghĩa Tân, Quận Cầu Giấy, Hà Nội","nhà chính chủ, xây mới, sạch sẽ thoáng mát, xung quanh không có  khác nên an ninh tốt,  sử dụng 18m2 sàn, 10m2 gác xép, căn hộ riêng biệt không ở chung với chủ nhà, có wifi, có sân rộng và chỗ để xe, giá có thể thỏa thuận."
1741,10/2018,3500000,30,21.047593, 105.788003,nhatang,5.16,140.97,khepkin,9,8,"NGÕ 210 - Đường Hoàng Quốc Việt, Phường Nghĩa Đô, Quận Cầu Giấy, Hà Nội","****   ở hoàng quốc việt ***☎️ lh : 0163.737.5958 địa chỉ : ngõ 210 - k7 hoàng quốc việtgiá : 3tr5 - 4tr5 . vệ sinh khép kín , tầng 4 . s = 30-40m2**   :s= 30-40m2 , rộng rãi , thoáng mát , có ban công , sạch sẽ , ….đầy đủ nội thất : điều hòa , giường tủ , nóng lạnh, khép kíncó thể nấu ăn trong  , có bếp chungnhà không chung chủ , giờ giấc thoải mái , tự dokhu dân trí cao , an ninh tốt 24/24 , có camera giám sáttầng 1 để xe freewifi , điện nước đầy đủ ** tiện íchgần các trục đường chính như hồ tùng mậu , doãn kế thiện , cầu giaays , phạm văn đồng ,...gần các trường đại học , cao đẳnggần chợ , trung tâm thương mại , công viên , khu vui chơi , giải trí ,..gần ngân hàng , cây atm , các tiện ích khác như : spa , gym , quán ăn , tòa chung cư , …..☎️ lh : 0163.737.5958 "
1742,10/2018,3500000,25,21.047033, 105.788249,nhatang,5.16,65.97,khepkin,9,8,"số nhà k7 ngõ 210 Đường Hoàng Quốc Việt, Phường Nghĩa Tân, Quận Cầu Giấy, Hà Nội"," mới, thiết kế hiện đại, sạch sẽ thoáng mát, có cửa sổ, ban công rộng, có thể chuyển vào ở ngay, rất thích hợp cho sinh viên và người đi làm.gần các khu mua sắm, khu đô thị, các trường đh lớn: đh điện lực, đh đông đô, hv báo chí… gần chợ, điểm bus, ngân hàng…. vệ sinh khép kín full nội thất, giường, tủ quần áo, điều hòa, nóng lạnh, thiết bị vệ sinh. có  bếp chung hoặc có thể nấu ăn riêng ở trong . có chỗ để xe free tại tầng 1 khu vực an ninh tuyệt đối đảm bảo, camera giám sát 24/24 có máy giặt và sân phơi đồ.☎️☎️☎️ lh: 01685777933 "
1751,09/2018,4000000,25,21.043559, 105.790875,nhatang,10.5,3.0,khepkin,9,8,"Đường Hoàng Quốc Việt, Quận Cầu Giấy, Hà Nội","muốn nhà sang? muốn nhà đẹp? hãy về với đội của .⚠️: giao với nhiều trục đường lớn, gần nhiều đường như hoàng quốc việt, trần cung, phạm tuán tài,... gần các trường đại học lớn như đại học điện lực, học viện kỹ thuật quân sự, học viện chính trị quốc gia,...⚠️tiện nghi: với thiết kế tinh tế sang trọng, đẹp tựa ccmn, view đẹp ban công lớn đón gió, tạo cảm xúc tuyệt vời vào mỗi sáng nội thất đầy đủ tiện nghi giờ giấc tự do thoải mái, không chung chủ hệ thống an ninh đảm bảo 25/24 chỗ gửi xe rộng rãi thoải máiliên hệ: 0972.659.404"
1718,10/2018,3900000,30,21.046802, 105.791142,nhatang,4.5,60.24,khepkin,7,5,"126 Đường Hoàng Quốc Việt, Phường Nghĩa Tân, Quận Cầu Giấy, Hà Nội","  ngõ 126 hoàng quốc việtkhông chung chủ. đi lại tự do. để xe trong nhà miễn phíđiều hòa, nóng lạnh, có chỗ nấu ăn riêng.liên hệ chính chủ không môi giới: 0918698243 hoặc 0974487475"
1024,03/2020,2000000,20,21.048196, 105.792279,nhatang,6.6,60.24,khepkin,8,5,"120 Đường Hoàng Quốc Việt, Phường Nghĩa Tân, Quận Cầu Giấy, Hà Nội","có   tại ngõ 126 hoàng quốc việt. nhà riêng 4 tầng mỗi tầng 2  1 vệ sinh sạch sẽ an ninh cực tốt.ngõ rộng, có nóng lạnh, điều hòa, internet, giường tủ quần áo, máy giặt...ngõ taxi vào tận nhà. giá  từng  2 triệu/tháng ưu tiên cho người đi làm và sống độc thân thuê.liên hệ chủ nhà a lương chủ nhà"
2152,11/2017,2500000,17,21.045087, 105.800932,nhatang,4.3,120.90,khepkin,9,4,"Số nhà 20, Ngõ 93/4, Đường Hoàng Quốc Việt, Phường Nghĩa Đô, Quận Cầu Giấy, Hà Nội", lại 1  đẹp tại 93 hoàng quốc việtđ/c số 20 ngõ 93 hoàng quốc việtan ninh cực tốt? do bạn  chuyển công tác nên chuyển nhượng lại 01 thông tin nhà 4 tầng?tầng 1 bếp nấu ăn+ để xe + tiếp khách?tầng 2 - 2 ?tầng 3- 2  (  lại)?tầng 4 -  thờ + phơi đồ sân thượng + máy giặt?giá  : 2tr500/ tháng?điện + nước gia đình?wifi miễn phitiện ích:- gần toà nhà 789- gần ngân hàng bidv-agribank-pvbank- cách bến xe buss 100mliên hệ: 0937506823
213,12/2020,6500000,50,21.0460511,105.7916743,ccmn,4.83,48.24,khepkin,9,6,"Đường Hoàng Quốc Việt, Phường Nghĩa Tân, Quận Cầu Giấy, Hà Nội","  chung cư mini ở ngõ 180 hoàng quốc việtchỉ còn 1  2n1k và 1n1k duy nhất nằm ngay tại đường hoàng_quốc_việt, tiện đi lại ngay gần cầu giấy, phạm văn đồng, quan hoa, trần cung, đại học điện lực, cao đẳng du lịch giá chỉ 5.5-6.5/tháng, nội thất đầy đủ như hình: tủ quần áo, giường, điều hòa,nóng lạnh,..giờ giấc tự do thoải mái, khóa vân tay, có chỗ để xe free rộng rãi"
34,03/2021,1399000,20,20.995773, 105.842988,ccmn,2.5,7.25,khepkin,8,4,"chung cư 229 phố vọn,Phường Đồng Tâm, Quận Hai Bà Trưng, Hà Nội","(dịch vụ ở ghép tiết kiệm chi phí với những tiện ích cao cấp )* địa chỉ: chung cư 229 phố vọng. cách các trường lớn bách – kinh – xây chỉ 600mcăn hộ homestay không gian hiện đại, đầy đủ tiện nghi, môi trường sống dân trí cao, thời gian đi lại thoải mái.quan trọng nhất là không phát sinh chi phí- 1.400.000/người/tháng ( nam 3 giường tầng còn 1 slot) giá trên đã bao gồm toàn bộ các chi phí: điện, nước sạch mạng internet, gas, có người dọn tổng vệ sinh hàng tuần (cam kết không phát sinh chi phí) căn hộ nằm trong tòa chung cư cao cấp đảm bảo an ninh, sạch sẽ, thuận tiện giao thông, đầy đủ tiện nghi chỉ việc xách quần áo đến ở mỗi người có 2 tủ quần áo có khóa riêng bếp, tủ bếp , nồi niêu bát đĩa tủ lạnh , máy giặt , bình nóng lạnh, điều hòa, bồn tắm nằm, máy sấy tóc. bình lọc nước uống tại vòi.các bạn quan tâm vui lòng liên hệ chính chủ để đi xem nhànói không với thu phí đi xemlh: 0901498666 (fb, zalo, viber, imessage)"
34.5,03/2021,900000,12,21.047265, 105.779857,nhacap,2.9,110,kkk,1,4,"ngõ 6 phạm văn đồng, cổ nhuế, cầu giấy, hà nội"," vệ sinh chung, khong khong không"
34.6,03/2021,800000,12,21.043319, 105.748683,nhacap,2.8,250,kkk,1,1,"số 12, ngõ 84 Phú Kiều, Phúc Diễn, Từ Liêm, Hà Nội"," vệ sinh chung, khong khong không"
34.7,03/2021,1600000,20,21.053899, 105.783712,nhacap,2.9,30,kkk,2,3,"số 12, ngõ 279 trần cung, Từ Liêm, Hà Nội"," vệ sinh chung, khong khong không"
34.8,03/2021,4500000,30,21.035526, 105.852996,nhatang,4.3,3,khepkin,9,4,"39 Đào Duy Từ, Hoàn Kiếm, Hà Nội","Cho thuê phòng đầy đủ đồ ở phố Đào Duy Từ , gần chợ đêm và hồ gươm :Diện tích : 30m2 Đầy đủ nội thất và đồ : Tủ lạnh, nóng lạnh, điều hòa, máy giặt, lò vi sóng, bếp từ, giường ngủ, gối đệm, đèn ngủ, bình siêu tốc, bàn ghế, thiết bị vệ sinh cao cấp.Được ở nhiều người và kinh doanh buôn bán Giá thuê : 4.5 triệu / tháng Không tiếp trung gian môi giới Địa chỉ : 39 Đào Duy Từ, Hoàn Kiếm, Hà Nội"
31,03/2021,2500000,18,20.996615, 105.856590,nhatang,3.2,20,khepkin,5,4, "50 Đường Hoà Bình 7, Phường Minh Khai, Quận Hai Bà Trưng, Hà Nội"," đẹp , điều hoà mới lắp, tắm nóng lạnh,ngõ rộng,an ninh tốt,gần các chợ dân sinh,gần các trương đại học bách khoa,xây dựng,kinh tê quốc dân,quản trị kinh doanh. lối đi riêng ko chung chủ nhà,giờ giấc tự do."
30,03/2021,2000000,18,20.967190, 105.836811,nhatang,5.7,97.67,kkk,4,5,"Số 7 ngõ 2 Đường Hoàng Liệt, Phường Hoàng Liệt, Quận Hoàng Mai, Hà Nội","địa chỉ: số 7 tổ 18 khu dân cư linh đàm - p. hoàng liệt - q. hoàng mai - hà nội (cách bến xe nước ngầm 500m, cách trường thcs hoàng liệt 15 m).đặc điểm :- có toilet riêng trong - có wifi, truyền hình cáp- có 2 cửa sổ nhìn ra 2 mặt tiền, 1 mặt nhìn ra hồ, 1 mặt nhìn ra đường lớn- nhà rộng rãi, thoáng mát- có chỗ để xe máy miễn phí- có nóng lạnh, điều hoàliên hệ: cô loan sđt: 0912 423 060"
37,03/2021,1600000,12,21.024991, 105.825941,nhatang,2.7,130,khepkin,2,7,"22 ngách 127/38 Hào Nam, Phường Ô Chợ Dừa, Quận Đống Đa, Hà Nội","  khép kín ở phố hào nam (chính chủ): 12m2ở khu vực trung tâm, yên tĩnh, riêng biệt không chung với chủ nhà, thuận tiện đường đi.gần chợ, siêu thị, cửa hàng tiện ích, cửa hàng tạp hóa, các trường đh văn hóa, mỹ thuật, nhạc viện, bệnh viện hà thành.. riêng biệt, an ninh tốt.chủ nhà dễ tính, tâm lý"
39,03/2021,3000000,20,21.009346, 105.796969,nhatang,3.85,30,khepkin,10,5, "204 Đường Trần Duy Hưng, Phường Trung Hòa, Quận Cầu Giấy, Hà Nội","chính chủ   trần duy hưng, trung kính+ vị trisl cách bigc thăng long 500m, vinmar+500m, đại học lao động 700m, đại học thăng long 700m+ nội thất gồm: nóng lạnh, điều hòa, giường, tủ, đệm, bàn trà, kệ bếp, giá sách...+ tiện ích: camera, máy giặt chung, khóa vân tay,+ giờ giấc tự do, ko chung chủ+ tiếp khách thoải mái miễn là lịch sự,các bạn quan tâm vui lòng liên hệ: mr. phong: 0982.254.153"
35,03/2021,3500000,28,20.999226, 105.816492,nhatang,4.3,95,khepkin,4,8, "Số 5/129 Nguyễn Trãi – Thanh xuân – TP.Hà Nội Đường Nguyễn Trãi, Phường Thượng Đình, Quận Thanh Xuân, Hà Nội","  kép kín chính chủ tại số 5 ngõ 129 nguyễn trãi - ngã tư sở - hà nội. (đối diện chung cư royal city) nhà 7 tầng mới xây,có thang máy.  28m2 vệ sinh kép kín, vào ở ngay, sạch đẹp,  nào cũng có cửa sổ thoáng mát.. điện, nước, an ninh tốt. gần nhiều trường đại học, nhà trẻ, bến xe buýt, ngay gần chợ, siêu thị, khu vui chơi và sân thể thao. tiện làm văn  công ty, để ở... điện thoai chủ nhà: a. giang 0913036359 (miễn tg và không mời quảng cáo)"
33,04/2021,4500000,34,20.997068, 105.810787,nhatang,14.5,4,khepkin,8,6,"275 Đường Nguyễn Trãi, Phường Thượng Đình, Quận Thanh Xuân, Hà Nội","căn hộ  dạng homestay ở ghép, đầy đủ đồ dung và tiện ích, chỉ việc xách vali đến ở, phù hợp với sinh viên, người mới đi làmđịa chỉ: chung cư golden land – 275 nguyễn trãi – thanh xuân – hà nội (đối diện trường đh khoa học tự nhiên, trường nhân văn)-> phù hợp với các bạn sinh viên, người mới đi làm vui vẻ hòa đồngkhông gian hiện đại, đầy đủ tiện nghi, môi trường sống dân trí cao, thời gian đi lại thoải mái.giá siêu rẻ: -  nam 3 giường tầng giá 1.500.000/người/tháng(hợp đồng ngắn hạn giá 1,7 triệu))cọc 1 tháng đóng tiền 1 tháng một giá trên đã bao gồm toàn bộ các chi phí: điện, nước sạch mạng internet, nước uống,có người dọn tổng vệ sinh hàng tuần - căn hộ nằm tại khu đô thị cao cấp đảm bảo an ninh, sạch sẽ, thuận tiện giao thôngtiện ích tầng 1: siêu thị,  tập gym, bể bơi, ngân hàng...- mỗi người có 1 tủ có khóa riêng- bếp, tủ bếp , nồi niêu bát đĩa- tivi 40 inch, 2 tủ lạnh , 2 máy giặt , bình nóng lạnh, điều hòa- bình lọc nước uống tại vòi (khỏi mất công đi đổi nước và tốn chi phí)các bạn quan tâm vui lòng liên hệ chính chủ để đi xem nhànói không với thu phí đi xem hoặc thuêlh: 0901498666 (fb, zalo, viber, imessage)"
38,03/2021,2300000,30,20.977083, 105.823595,nhatang,5.9,61.24,khepkin,5,3,"Số 31 ngõ 292 Đường Kim Giang, Phường Đại Kim, Quận Hoàng Mai, Hà Nội","nhà chính chủ   ngõ 292 kim giang (gần cầu lủ, đại học thăng long). 20 và 25m2.vệ sinh khép kín.có điều hoà.nóng lạnh, tủ, bàn nấu ăn.cửa sổ thông thoáng.giá từ 2,3 triệu - 2,5 triệu.nhà có hầm để xe miễn phí, giờ giấc tự do có chìa khóa riêng, không giới hạn giờ giấc.các  đều có công tơ điện, nước riêng. giá phổ thông.địa chỉ: số 31 ngõ 292 đường kim giang."
32,03/2021,4000000,20,21.035478, 105.810557,nhatang,10,6.1,khepkin,7,7,"41 Linh Lang, Phường Cống Vị, Quận Ba Đình, Hà Nội","-  sạch đẹp, khách hàng lịch sự, văn minh, yên tĩnh. điện nước đầy đủ.-  có kệ bếp nấu ăn, wifi, tivi, điều hoà, nóng lạnh, máy giặt...-  gần công viên, an toàn văn minh, gần chợ, trường học, phố lớn..- đ/chi: số 41 phố linh lang, ba đình, hà nội ( chính chủ, ko ở chung chủ)"
36,03/2021,2600000,26,21.055903, 105.785095,nhatang,6,10,khepkin,3,6,"số 430 mặt đường trần cung, Phường Cổ Nhuế 1, Quận Bắc Từ Liêm, Hà Nội"," không chung chủ.  còn 1  ngủ rộng 26m2  tại số 430 mặt đường trần cung, p cổ nhuế 1, q/ bắc từ liêm, vào ở ngay ( có hình ảnh)  có  mặt đường trần cung, rộng, cửa sổ rộng thoáng mát, rất tiện cho các bạn vừa ở, vừa kinh doanh online.ngoài ra rất gần bến xe buýt, gần chợ, gần trường công an nhân dân, đh điện lực, trường cán bộ thanh tra, đh mỏ, hv tài chính, chung cư bộ công an, greenstar, an bình city, kđt thành phố giao lưu, kđt resco, gần trường mần non, trường cấp 1,2 cổ nhuế giá : 2,6tr.nhà có tầng hầm để,có máy giặt chung, sân phơi tầng 4, nóng lạnh, internet tấc độ cao, an ninh rất tốt.cần cho các bạn có ý thức giữ gìn trật tự và vệ sinh chung cao.hình thức thanh toán: cọc 1 tháng và thánh toán tháng 1.bạn nào có nhu cầu liên hệ sớm nhận  đẹp."
43,03/2021,1100000,10,21.004716, 105.819713,nhacap,5.3,50,kkk,3,3,"ngã tư sở, Phường Khương Trung, Quận Thanh Xuân, Hà Nội","nhà  còn 2   ở khu vực ngã tư sở,  không khép kín, ở chung chủ, có chỗ nấu ăn ngay cạnh , chỗ để xe rộng rãi thoải mái, gửi xe không mất phí, an ninh khu vực rất tốt, chủ nhà thân thiện và vui tính.- nhỏ, phù hợp với các bạn sinh viên đang đi học hoặc những bạn ngày đi làm tối về ngủ.-giá cả rất bình dân, tiền  1 người ở giá 1tr1/ 1 tháng; 2 người ở giá 1tr3/1 tháng-địa chỉ nhà: số 12, ngõ 211, ngách 77, phố khương trung, quận thanh xuân, hn-liên hệ với : 0377862962 hoặc 02435632620(ảnh  như trong hình)"
44,03/2021,1800000,20,20.967250, 105.836688,nhatang,4.3,90.4,khepkin,4,4, "Số 7 ngõ 2 Đường Hoàng Liệt, Phường Hoàng Liệt, Quận Hoàng Mai, Hà Nội","* địa chỉ:số 7 - ngõ 2 - tổ 18 - kdc linh đàm - p. hoàng liệt - q.hoàng mai - hà nội. (cách trường thcs hoàng liệt 10m, cách bến xe nước ngầm 500m, cách khu đô thị linh đàm 500m).* đặc điểm :có toilet riêng trong . có 2 cửa sổ nhìn ra 2 hướng, 1 mặt nhìn ra đường lớn, 1 mặt nhìn ra hồ.có internet cáp quang, wifi, truyền hình cáp.có chỗ để xe trong nhà.có đồng hồ điện nước riêng.giao chìa khóa riêng, thời gian đi lại thoải mái, tự do tiếp bạn bè.có bàn bếp để bếp ga, dụng cụ làm bếp, có thể đun nấu ở hành lang bên ngoài.* giá : 1,5 - 2 triệu (free chỗ để xe).* liên hệ: cô loan sđt: 0912.423.060"
49,03/2021,2700000,25,20.964440, 105.766654,nhatang,5.2,53.92,khepkin,5,3,"68 ngõ 1 Đường Phan Đình Giót, Phường Phương Liệt, Quận Thanh Xuân, Hà Nội"," khép kín, 25m2. có bình nóng lạnh, điều hòa, khu bếp nấu ăn, phơi quần áo, internet, camera an ninh."
46,03/2021,1200000,18,20.976630, 105.781279,nhatang,2.5,70.65,khepkin,4,2,"ngách 4/17, nhà 22 Đường Thanh Bình, Quận Hà Đông, Hà Nội","nhà 3 tầng,  khép kín, có chìa khoá riêng, chính chủ không qua trung gian, cách điểm bus 200m, tiện đi lại, gần bệnh viện, gần nhiều trường bưu chính viễn thông, học viện an ninh, y học cổ truyền...."
41,03/2021,3500000,26,21.011178, 105.817202,nhatang,3.8,42.6,khepkin,8,5,"34 ngõ 113 Phố Thái Thịnh, Phường Trung Liệt, Quận Đống Đa, Hà Nội","#chínhchủ #chothuê #tháithịnh #đốngđađịa chỉ: ngõ 113 thái thịnh-đống đa (khu ngã tư sở, gần roal city, đại học thủy lợi, khoa học tự nhiên…), có thể đi vào từ ngõ 83 yên lãng, đi thẳng kịch ngõ-nằm trong khu dân trí cao, yên tĩnhđặc điểm:- có cửa sổ to, thoáng mát, ánh sáng ngập tràn, có tầng thượng.  đầy đủ tiện nghi khép kín, đủ đồ bao gồm:- điều hoà.- tủ bếp.- máy giặt trên tầng thượng- giường ngủ.- tủ quần áo.- wc khép kín đầy đủ thiết bị vệ sinh, bình nóng lạnh-  18 - 30m2tất cả đều là đồ mới tinh, chỉ việc xách vali đến ở.chỗ để xe máy free ở tầng 1.giờ giấc ra vào tự do thoải mái, ở không chung chủ.có camera theo dõi đảm bảo an ninh- chính chủ miễn môi giới- điện 3,5k/ số- nước 20k/ khối- net: 100k/.- hàng tuần có người qua dọn vệ sinh chung cả nhà thường xuyên.- tiếp bạn bè vô tư miễn là lịch sự - hợp đồng lâu dài không tăng giá, chu kỳ đóng tiền nhà 1 tháng 1 lần, đặt cọc 1 tháng tiền nhàliên hệ chính chủ : 0975 029 111"
40,03/2021,2800000,20,20.995682, 105.773003,nhatang,6.6,5.2,khepkin,2,4,"Đại Linh, Phường Trung Văn, Quận Nam Từ Liêm, Hà Nội"," cần   20m2 tại đại linh, trung văn.  sạch sẽ thoáng mát, có thang máy , giờ giấc thoải mái, có ban công để máy giặt và giếng trời.điện 3k8/ sốnước 25k/ khốiliên hệ trần dũng : 0989103056"
45,03/2021,2300000,22,21.041979, 105.776725,nhatang,6.0,20.75,khepkin,2,5,"Ngo 26 Doãn Kế Thiện, Phường Mai Dịch, Quận Cầu Giấy, Hà Nội","chính chủ còn 1   khép kín 22 m2 tầng 2 nhà b6 ngõ 26 doãn kế thiện gần tiểu học, mầm non,chợ,giao thông thuận tiện,an ninh tốt. giá 2,3 triệu/ tháng"
42,03/2021,3000000,18,21.004276, 105.811363,nhatang,5.3,10.0,khepkin,7,3,"14 144/8/19 Phố Quan Nhân, Phường Nhân Chính, Quận Thanh Xuân, Hà Nội"," là chủ nhà. hiện đang có 3   khép kín. không ở chung chủ có nóng lạnh, điều hoà, giường tủ. có gác xép rộng để ngủ. ra vào có khoá vân tay. camera theo từng tầng rất an toàn. chỗ để xe rộng. chợ, trường rất gần.   khoảng 15-18m2. tại địa chỉ số 14 hẻm 144/8/19 phố quan nhân, nhân chính, thanh xuân, hà nội. liên hệ bà yên : 037.9169.348"
48,03/2021,2000000,16,21.016517, 105.837300,nhacap,3.2,78.19,khepkin,4,4,"Phố Chợ Khâm Thiên, Phường Trung Phụng, Quận Đống Đa, Hà Nội","nhà chính chủ  nhà mặt đất 1 tầng có gác xép rộng, khép kín, riêng tư không chung đụng.- gần các trường đại học, cách bách khoa 1.x km, kinh tế 1.x km, học viện ngân hàng 2.x km (ngõ 165/85 ngõ chợ khâm thiên) gần khu d hồ ba mẫu.- nhà sạch sẽ, cửa sổ thoáng mát.- dt 16m2 nền + 6m2 gác xép, hành lang rộng để 2 xe thoải mái - giá 2tr và 2,3tr- điều hoà mới lắp tiết kiệm điện.- điện 4,5k/ số; nước 20k/m2, có công tơ riêng, có internet-  vệ sinh khép kín sạch sẽ.- bệ vs vừa thay mới cứng- có giường đệm chắc chắn- có tủ bếp tiện dụng- có chỗ để xe riêng tầng 1- hàng ngày có lao công quét dọn sân, ngõ miễn phí- ăn ninh tốt, yên tĩnh, đi lối riềng k chung chủchỉ ưu tiên ở lâu dàilh 038 228 1589 or 093 629 6294"
47,03/2021,1500000,20,21.002483, 105.826496,nhatang,2.5,84.32,khepkin,2,3,"20A ngách 354/144 Đường Trường Chinh, Phường Khương Thượng, Quận Đống Đa, Hà Nội","nhà  có   tại ngõ 354 trường chinh (có thể vào từ ngõ 22 tôn thất tùng)  : 20mnhà wc riênggiá : 1,5tr/tháng (chưa bao gồm điện nước, điện nước theo giá nhà nước)khu vực sầm uất trung tâm quận đống đa, xung quanh gần rất nhiều trường đh, có thể đi bộ đi học như đh y hà nội, học viện ngân hàng, đh thủy lợi, đh công đoàn... nên có rất nhiều tiện ích, không thiếu thứ gì. an ninh khu vực cực kỳ tốt.bạn nào có nhu cầu thuê thì liên hệ 0989978012 (mr đạt)"
50,03/2021,6000000,22,21.013516, 105.839297,ccmn,3.25,10.15,khepkin,7,5,"Số 9 ngõ 77 Hồ Ba Mẫu, Phường Phương Liên, Quận Đống Đa, Hà Nội"," căn hộ, chung cư mini khép kín đầy đủ tiện nghi: giường, tủ, điều hoà, bếp, nóng lạnh... địa chỉ: số 9 ngõ 77 hồ ba mẫu cách mặt hồ 15m ngõ cực rộng và thoáng."
54,03/2021,3500000,16,21.020792, 105.775128,nhatang,3.7,45,khepkin,4,4,"Số 59 - Ngõ 154, ngách 402/42 Mỹ Đình, Phường Mỹ Đình 1, Quận Nam Từ Liêm, Hà Nội","  ở số nhà 59 ngõ 402/42 đường mỹ đình ( chung cư mini)hoặc ngõ 154 đường đình thôn rẽ vào 30m đến ngã ba nhìn ngõ 402/42( biển nhà thuốc minh huy)ms thơm 096 770 1977nhà mới xây 7 tầng số nhà 59 ngõ 402/42 đường mỹ đình , có thang máy. wifi. truyền hình cáp. sân phơi. mỗi tầng 4  khép kín( vệ sinh, bếp nấu) hệ thống cửa nhà xe và cổng dùng khoá thẻ từ+ nhận diện khuôn mặt giúp ra vaof thuận tiện 24/24 mà vãn đảm bảo an ninh cho khu nhà. nước sạch sông đà 100% hệ thống bể ngầm bằng inox sub 304 với sức chứa 30m3 và bồn trên mái 12m3 bảo đảm nước sinh hoạt cho toà nhà ko bị thiếu vào những ngày nắng nóng cũng như ko cần phải sử dụng nước giếng khoan không an toàn. vị tri thoáng mát thuận tiện nằm giữa khu sudico sông đà và khu biệt thự five star mỹ đình, quý vị đến xem liên hệ ms thơm rất mong được đón tiếp.trân trọng !"
51,03/2021,3000000,25,20.997401, 105.813595,nhatang,2.7,25,khepkin,7,3,"32 Đường Khương Đình, Phường Khương Đình, Quận Thanh Xuân, Hà Nội","còn duy nhất 1  số 32 ngõ 342 khương đình đầy đủ tiện nghi khép kín, đủ đồ bao gồm:- điều hoà.- cửa sổ thoáng .-ban công-máy giặt- giường ngủ.- tủ quần áo.- kệ bếp, chậu rửa.wc khép kín đầy đủ thiết bị vệ sinh, bình nóng lạnh.chỉ việc xách vali đến ở.  25m️giá dịch vụ️️điện: 3.8k/số.️nước: 80k/người️net:50kdv:50kliên hệ: 03344852714nhanh tay liên hệ!!!!!!!!!"
56,03/2021,1800000,20,21.040360, 105.764403,nhatang,4.3,36.24,khepkin,7,5,"177 Cầu Diễn, Phường Phúc Diễn, Quận Bắc Từ Liêm, Hà Nội","  cầu diễn, hồ tùng mẫu điện 2.5k/số giá từ 1tr8/thángđiện nước giá dân, giờ giấc thoải mái, ra vào khoá cửa vân tayfull nội thất: điều hoà, nóng lạnh, giường, tủ,…ngoài ra có gác xép có thể ngủ và sinh hoạt thoải máilì xì đặc biệt 500k cho khách thuê trong tháng 2giá: từ 1tr6 – 2tr2/thángđịa chỉ: số 19 ngõ 86 phú kiều, bắc từ liêm (ngay cạnh trường mầm non kiều mai, đường quận ủy bắc từ liêm)liên hệ chính chủ: phan ngọc 0964628845"
57,03/2021,3500000,20,21.0164931,105.822814,nhatang,6.15,40, khepkin,8,8,"Phố Hoàng Cầu, Phường Ô Chợ Dừa, Quận Đống Đa, Hà Nội","tọa lạc  trung tâm đống đa, khu phố sầm uất, an ninh tốt, dân trí cao. nhà gần các trường đại học lớn như đh văn hoá , đh mỹ thuật công nghiệp, đh công đoàn, đh thuỷ lợi ....vvgiao thông thuận tiện, xung quanh nhà có siêu thị nhật fujimart, siêu thị vinmart lớn, các cửa hàng tạp hóa nhỏ, chợ dân sinh dưới đường. từ nhà đi 50m ra hồ hoàng cầu, không cần đi đâu xa vì xung quanh nhà tích hợp đầy đủ tiện ích cho cuộc sống tiện nghi.nhà 6 tầng, ô tô đỗ trước cửa, có 2 mặt thoáng, các  đều có cửa sổ đón nắng, gió tự nhiên, có view mặt phố,  đuôi 02 có thêm ban công nhỏ. khép kín từng , mỗi tầng có 02  nhỏ đuôi 01 giá 3,5tr to đuôi 02 giá 4,5tr dạng studiofull đồ: nóng lạnh, điều hòa, giường, tủ, tvdịch vụ: điện, nước, truyền hình cáp, internetan ninh tòa nhà: ra vào bằng vân tay, tự do thời gian, đi lại.ưu tiên: người làm văn  ,đôi vợ chồng trẻ, sinh viên... thuê dài hạn có thể ở được từ 2 - 3 người, thuê cả 02  trên một tầng giá ưu đãi. thanh toán linh hoạt tháng 1 cọc 1 lh: 0949 508 686 (a.dũng)"
109,02/2021,3500000,25,20.970898, 105.778978,nhatang,6.73,56.5,khepkin,7,6,"Phố Bà Triệu, Phường Hà Cầu, Quận Hà Đông, Hà Nội","- nhà đẹp full nội thất mới - chỉ việc mang vali vào ở.-  đẹp,sạch sẽ thoáng mát gần : hv quân y,metro hà đông,chợ hà đông,cách cầu trắng 500m,....- giá2tr8-3.5tr/tháng. đóng 1 cọc 1 tháng (ở được luôn).- ban công cực rộng,thoáng mát- thang máy tốc độ caomô tả chung.- full nội thất điều hòa, nóng lạnh,tủ lạnh,giường, tủ, phơi đồ,bàn học ,để xe miễn phí, camera an ninh, máy giặt , kệ bếp.- cổng khóa vân tay đảm bảo an toàn- chính chủ miễn môi giới.- điện 3,5k/ số.- nước 20k/số.- hàng tuần có người qua dọn vệ sinh chung cả nhà thường xuyên.- không ở chung chủ. giờ giấc đi lại thoải mái, tiếp bạn bè vô tư miễn là lịch sự - hợp đồng lâu dài không tăng giá, chu kỳ đóng tiền nhà 1 tháng 1 lần, đặt cọc 1 tháng tiền nhà"
107,02/2021,3800000,30,21.010646, 105.838657,nhatang,3.5,40,khepkin,7,4,"10A, Ngõ 138 Kim Hoa, Phường Phương Liên, Quận Đống Đa, Hà Nội","nhượng  ở ngõ 138 kim hoa (ngay 152 xã đàn rẽ vào) gần các trường đh bách-kinh-xây.  full đồ:có điều hoà, nóng lạnh, giường tủ, kệ bếp, quạt, máy giặt chung. sân phơi rộng rãi, để xe tầng, có camera khắp các tầng, khoá cửa vân tay. giá 3.8tr, cọc 1 thanh toán 1. có thể chuyển vào từ đầu tháng 2 liên hệ: 0823461244"
106,02/2021,2200000,20,21.043489, 105.804274,nhatang,2.7,103.5,khepkin,5,3,"24 ngõ 5 ngách 72 Hoàng Quốc Việt, Phường Nghĩa Tân, Quận Cầu Giấy, Hà Nội","  tại số nhà 24 ngõ 5/72 đường hoàng quốc việt: 20m2có đầy đủ nóng lạnh, điều hòa, giường tủchỗ để xe thoải máigiá: 2,2 triệu/thángliên hệ ngay để xem nhà, ưu tiên các bạn xem sớm.chủ nhà ( bác vân) - 0357281673"
108,02/2021,4500000,40,20.976891, 105.780777,ccmn,3.5,120.75,khepkin,7,6,"Đường Trần Phú, Phường Văn Quán, Quận Hà Đông, Hà Nội","- chính chủ  ccmn văn quán,hà đông,hà nội.- còn 1 căn 1 ngủ,1 khách tầng 7 giá 4.5tr vệ sinh khép kín.-  đẹp,sạch sẽ,thoáng mát.mô tả chung.- gấn các trường nhạc họa,học viện an,kiến trúc,bưu chính,cn giao thông,...- thang máy tốc độ cao- nước 20k/khối- điện 3.5k/số- chính chủ miễn môi giới.- nội thất điều hòa, nóng lạnh, giường, tủ,sofa, kệ bếp,bàn ăn,tủ lạnh, phơi đồ, để xe miễn phí, camera an ninh,cửa khóa vân tay- hàng tuần có người qua dọn vệ sinh chung cả nhà thường xuyên.- không ở chung chủ. giờ giấc đi lại thoải mái, tiếp bạn bè vô tư miễn là lịch sự - hợp đồng lâu dài không tăng giá, chu kỳ đóng tiền nhà 1 tháng 1 lần, đặt cọc 1 tháng tiền nhà"
103,02/2021,1600000,10,21.02284367, 105.8279307,nhatang,4.5,100,kkk,4,3,"54 Phố Hào Nam, Phường Ô Chợ Dừa, Quận Đống Đa, Hà Nội","- cho nữ thuê  ở phố hào nam, dt  ngủ rộng 10m2+ 5m2 công trình phụ ở sân+ 10m2 bếp riêng  ở sân + chỗ phơi quần áo + để xe dưới tầng 1 sân rộng 30m2- nhà xây để ở nên rất đẹp và sạch sẽ, thoáng mát, yên tĩnh. gần trung tâm thành pgố hà nội, thuận tiện cho việc đi lại, cách trường đại học văn hóa, đại học mỹ thuật, nhạc viên hà nội 500 m.- công trình phụ có bình nóng lạnh của ý, vòi sen, xí bệt…- có internet, truyền hình cáp, wifi...- an ninh tốt. giờ giấc tự do, mỗi người 1 chìa khóa đi về tự mở,  lâu dài- liên hệ chị vân (chính chủ) 0986 268 837 địa chỉ 54 ngõ 127 hào nam- giá 1,6 tr/ tháng; điện 3.200đ, nước 70k/ tháng"
111,02/2021,2900000,30,21.0268003,105.768113,ccmn,3.2,500,khepkin,7,2,"33/63 Đường Lê Đức Thọ, Phường Mỹ Đình 1, Quận Nam Từ Liêm, Hà Nội","- có   dạng chung cư mini ngay sau bến xe mỹ đình. mới như hình, đầy đủ đồ: bàn bếp chậu rửa, điều hòa, nóng lạnh, giường tủ, tủ lạnh, chăng ga đệm, máy giặt...- 30m2 có ban công rộng thoáng.-ngõ rộng, cổng khóa vân tay-giờ giấc tự do, không chung chủ- tại : 21 ngõ 63 ngách 33 lê đức thọ ( hoặc đi thông từ ngõ 26a mỹ đình vào số 21. ngay sau bến xe mỹ đình.)giá thuê: 2.9tr - 3.5trlh: 0886.826-238"
112,01/2021,3900000,30,20.9996107,105.818603,ccmn,4.9,40,khepkin,3,4,"2/583 Phố Vũ Tông Phan, Phường Khương Đình, Quận Thanh Xuân, Hà Nội"," có 2  thông dạng studio đầy đủ đồ như hình - chỉ việc đến ở trong tòa nhà có thang máy, ban công phơi đồ, máy giặt sấy, bếp từ... đầy đủô tô đỗ cửa. cổng khóa vân taygiờ giấc tự do, không chung chủ 28m2 - 3.9tr và 32m2 - 4.2tr."
115,01/2021,3500000,28,21.030220, 105.771956,nhatang,4.0,130,khepkin,5,4,"21 Ngách 33 Ngõ 63 Đường Lê Đức Thọ, Phường Mỹ Đình 2, Quận Nam Từ Liêm, Hà Nội","cắt lỗ   khu #mỹ_đình , nam từ liêm vào ở ngay , dinh ngay quà tết .đc : 21 ngõ 26a mỹ đình (thông ngõ 33/63 lê đức thọ)_ 27m2 .  ngay sau bến xe mỹ đình 400m ,  tiêu chuẩn nhiều ánh sáng tự nhiên .full thiết bị : giường , đệm , ga tủ 3 cánh điều hòa nóng lạnh bàn bếp nấu ăn tủ lạnh máy giặt ban công phơi đồ tại …có camera giám sát 24/24 , khóa cổng vân tay.???? để xe free tầng 1???? giờ giấc tự do, không chung chủ------------------------------------------liên hệ ngay chủ nhà: 0987991838"
113,01/2021,2500000,22,21.0732267,105.79437183,nhatang,3.3,105.12,khepkin,2,4,"Xuân Đỉnh, Phường Xuân Đỉnh, Quận Bắc Từ Liêm, Hà Nội","gần chợ đầu mối và cv hòa bình cùng các dự án,công trường đường đỗ nhuận-ngoại giao đoàn! rất hợp với 5-6 ae công nhân và các bạn đang làm ngay đây ạ"
